driver_id,ride_freq_during_active,ride_freq_all_3,total_earning
01788cf817698fe68eaecd7eb18b2f72,0.0,0.0,0.0
133faf644d5cfee9460b87eea4367f92,0.0,0.0,0.0
13fe6713788e9b63f57950320f260512,0.0,0.0,0.0
146cd888491dd0f348575244f5bbc24e,0.0,0.0,0.0
1585fa96f0818e8f4d1cf826b332fda4,0.0,0.0,0.0
1e9b964b3e3d0289794289579269247a,0.0,0.0,0.0
268e15733721c4f3c10d9942e85a4859,0.0,0.0,0.0
2736701b1fff80dc6ec8618309c76813,0.0,0.0,0.0
28083e35d199d29c2a88502329af5f6d,0.0,0.0,0.0
28a396a3e1793b64046aaaf8345604ec,0.0,0.0,0.0
2f331eb33f5d186bdcfb8cd8e2eb1349,0.0,0.0,0.0
304fecb59756fb1d76c37ab927293da0,0.0,0.0,0.0
339a64370e18200c78fa15487f688c74,0.0,0.0,0.0
352a72ac75c8886f94894f0cd77ef75d,0.0,0.0,0.0
39b23365604d2633d74192b7131d6f67,0.0,0.0,0.0
3a1e17213c1fda2fc6126425e8721a6d,0.0,0.0,0.0
3dc5080a4b9299fbf31479ea751d562b,0.0,0.0,0.0
453f29877d452cbb3e0df4922a816316,0.0,0.0,0.0
4856b892095f3afe8607a5ba0121b7b8,0.0,0.0,0.0
4c17ad0240c5e0342da52b55a3c64a49,0.0,0.0,0.0
4c50a69869b14c84b1fd77ddeb7b0962,0.0,0.0,0.0
4e4d07bdf390e67b633e62d3eaabd3dc,0.0,0.0,0.0
4f67a5d1152cd3f9f889d61779c27153,0.0,0.0,0.0
52b193144c088d3aaf82dee6c4625155,0.0,0.0,0.0
557b608dc1196be486e4928b62098895,0.0,0.0,0.0
55b69c895ca72127d05a48035328b345,0.0,0.0,0.0
5724816548576c2ccfcbd3d9d5072d23,0.0,0.0,0.0
5785f300b54051f8791ab00c424416a3,0.0,0.0,0.0
5dca331aca1913f495071f3352fed0a2,0.0,0.0,0.0
61e12b63003cde2efb3d1068853915d4,0.0,0.0,0.0
64a4b6ed93e79d83422e5cfef3a1d01f,0.0,0.0,0.0
64c401a44c495c2adcc834a3db3de11f,0.0,0.0,0.0
67b153d9a373c6b824954f5001e4769d,0.0,0.0,0.0
68ec19c0d8af934976480dde7488ad83,0.0,0.0,0.0
6d098c3af952e8ef82c0326b1891d993,0.0,0.0,0.0
6fd27cb2ebf1142ff29f519e20567876,0.0,0.0,0.0
709d54382dc3259373f8ae6b2fac2415,0.0,0.0,0.0
74279b827e47bbddb5ba57863c174995,0.0,0.0,0.0
7470e87e7621f0e68c728a0431788a58,0.0,0.0,0.0
78477100f8d331a7b048b96a6a856fde,0.0,0.0,0.0
78e0917f94fd9a5e81721b3d6a949891,0.0,0.0,0.0
7be7bd7d4880308db77561aded87ff8a,0.0,0.0,0.0
7c8a65613ea1b4cb168336390c8cef8d,0.0,0.0,0.0
8228dc00459f185b56d989c8ba1c9c52,0.0,0.0,0.0
822f647598c6283f3e782bfa33007d47,0.0,0.0,0.0
825a12d804be2135d12aacbfef42149f,0.0,0.0,0.0
84e99f5233c20f92e5be02afd2dbf994,0.0,0.0,0.0
878b301e00c3111bf0d4cdddb8e14c9a,0.0,0.0,0.0
8a2fcb8a8aea9b7a1e2dc54c3257abdf,0.0,0.0,0.0
8a485c0c66396eaa9dd004fb0bcc600e,0.0,0.0,0.0
94d5f7697a40886a8723f6015fe47841,0.0,0.0,0.0
99edc641e82b840d4fb6d57db0aff446,0.0,0.0,0.0
a5964a3b81fcc810585ec982edcb3689,0.0,0.0,0.0
a7db008438b8a1a26c201f7de3a6fd74,0.0,0.0,0.0
a85adc80be31a10c23b7aaf380e39173,0.0,0.0,0.0
a943514117ddea18c75bd09ca6955ede,0.0,0.0,0.0
ad6489ea30a7952d7f3ec6277553fc4f,0.0,0.0,0.0
aecea7471a8a5efd539c4bb549f21a69,0.0,0.0,0.0
b5615bfbdce936560dea4c82579bb35d,0.0,0.0,0.0
c06d3d1ffc5b470f5407c2201e6616e1,0.0,0.0,0.0
c4b09aae89ee1feabc77632691b65278,0.0,0.0,0.0
c697fa3bddbd8de0a0f09060df305934,0.0,0.0,0.0
c7fc922f759f46036bc9cfeda911515b,0.0,0.0,0.0
cf4685ea46aad0fa545bd4764679a162,0.0,0.0,0.0
d5a7b55889ae4bba1eb7c9ba798ddfb2,0.0,0.0,0.0
da020ae1ea6a8ce10cd43f5e36880c8d,0.0,0.0,0.0
da582077a9e547fc6e24b8d100e64209,0.0,0.0,0.0
db565e88c0f55509b8b272e807104ceb,0.0,0.0,0.0
dd64221e3c3d2f0078f4903cabc16bad,0.0,0.0,0.0
de13b737a0b0f174b2d14836de6dc2ff,0.0,0.0,0.0
e111c33885a216cc61ee4947afc355f7,0.0,0.0,0.0
e498f29ac08e3302ff8f110db38b170d,0.0,0.0,0.0
e761f3e1d225c421222cfe150072ad3c,0.0,0.0,0.0
e7faba643203b7d1ed349fe03ee07d36,0.0,0.0,0.0
e8a7df9c27dc5dbb1057f2f18aaa862e,0.0,0.0,0.0
ebed38ca7ec991605d2d4a3b569e9214,0.0,0.0,0.0
eccb23f51439621fd79b3754af59d443,0.0,0.0,0.0
efee4c92f7fb02a7dbd0ddba25878e2f,0.0,0.0,0.0
f24c7a1f58df6b9e7ee7f01012e601ac,0.0,0.0,0.0
f429fcd3fe77e166454f9b27813b07d1,0.0,0.0,0.0
f9893308ea5859d7ede4e034086c461c,0.0,0.0,0.0
fc857228f75499b2f24b3d547e12b9e9,0.0,0.0,0.0
fd1bfe51e18fc13936ae19ce3a387fff,0.0,0.0,0.0
002be0ffdc997bd5c50703158b7c2491,3.2209302325581395,3.0777777777777779,3560.9220197576014
007f0389f9c7b03ef97098422f902e62,0.36470588235294116,0.34444444444444444,321.4946673698542
011e5c5dfc5c2c92501b8b24d47509bc,0.5,0.37777777777777777,482.42778840288747
0152a2f305e71d26cc964f8d4411add9,3.0806451612903225,2.1222222222222222,2610.8683812242461
01674381af7edd264113d4e6ed55ecda,6.6964285714285712,4.166666666666667,5381.0907706812986
0213f8b59219e32142711992ca4ec01f,8.0,2.6666666666666665,2941.156770115635
021e5cd15ef0bb3ec20a12af99e142b3,1.0816326530612246,0.58888888888888891,686.24147103970006
0258e250ca195cc6258cbdc75aecd853,4.9508196721311473,3.3555555555555556,4279.8658837660068
028b5a4dcd7f4924ebfabcf2e814c014,7.117647058823529,4.0333333333333332,5197.5245018129308
02d6a6b8a6da15fc219a9570f7ebbe78,1.2156862745098038,0.68888888888888888,1566.0725016825459
02e440f6c209206375833cef02e0cbae,1.1666666666666667,0.62222222222222223,784.33046752237476
036f3d94e7c65e4e3574822d31c72656,2.72,2.2666666666666666,2953.6550092729481
039c5afbca8e03e4c18d9c8ea94140ac,0.62295081967213117,0.42222222222222222,470.54619765793751
039da9c077e17af98ca8530e4d7975f1,7.4716981132075473,4.4,4866.3824078395764
03f2b5c74cb89f39e58711699e76bf39,2.9342105263157894,2.4777777777777779,2916.4665166909667
03f5278eb43475aa6790f5be32463755,5.0684931506849313,4.1111111111111107,4852.0579904243214
0430df9a3eb327122c57ee3a64765000,5.375,0.4777777777777778,503.09276764579585
04c4ffa5a385eab86fa7e422263d2999,1.8333333333333333,0.61111111111111116,885.76060214659151
04d686ef2fba281e395992a28f14fdd3,7.7560975609756095,3.5333333333333332,4563.3109422025518
052bba06c5fc0bdea4bc2f9cb92b37c7,0.84848484848484851,0.62222222222222223,736.60225880204587
056175954c78be4c4de7e80167b7e1f9,0.0,0.72222222222222221,645.98839479864171
059ed570673c2d15ca11dd6b3a25513b,0.82051282051282048,0.35555555555555557,504.70119486125407
05addf442c147875efa5cf53453ad47b,4.3544303797468356,3.8222222222222224,4840.6720851517775
05bad02e08c7f849e91dc1259da8b4ec,1.4838709677419355,0.51111111111111107,710.40756996788343
0656192a402808805282e60761bda088,5.5263157894736841,3.5,4469.2165053750987
06b1ba06e5505f8218ec8686498f990a,3.3846153846153846,0.48888888888888887,558.03857296210833
06c848ab3a7fc5421e82e98850a81710,5.9701492537313436,4.4444444444444446,4922.7628771462259
07dd442e3e0b9f0f9b0d69c7b47cbb06,3.8648648648648649,3.1777777777777776,3418.642280920687
07e6a2fdaadc640cca9a7bec41351065,0.61111111111111116,0.24444444444444444,252.88689881837084
081d8ba3bc9a00a481df02bd9d0a4c53,2.3703703703703702,2.1333333333333333,2164.3260852518579
0822973f3e812a68a867962dbbd37f5d,1.3333333333333333,0.4,399.18444357378752
08a1491d6a804e0af969f08252ddbbd8,8.04225352112676,6.3444444444444441,8115.0411492044259
08b2b063cce8d02495c4b880293f153c,7.7910447761194028,5.8,7619.6655879803466
0938ed763cb3129ae63607aaf69daff5,0.43678160919540232,0.42222222222222222,390.54423866932495
0abc4faab8bbdf4d62412655fe0a2398,1.393939393939394,0.51111111111111107,577.64328971063776
0afc0241296972b583debd7c5f5c707c,5.35,4.7555555555555555,5572.0698256543483
0b10af0ede0648dbe6ae05813c5cbf1b,1.3571428571428572,0.42222222222222222,450.06346994149169
0b631e16fa61f7321da18cf35a076d5f,5.3243243243243246,4.3777777777777782,5328.580555232068
0c02bd2b09f7193103279ab9b760b777,3.7931034482758621,3.6666666666666665,4016.1516182666605
0ca501b2a1d72e80e0d0cd2c25bdd124,4.274193548387097,2.9444444444444446,3183.4839300600124
0d53c0441daccbb9022ccdcd2a58c7f7,0.93023255813953487,0.44444444444444442,498.76623228120837
0d993c2eba3d9dd2e60ecc8814618931,0.0,1.3555555555555556,2122.5937119102505
0e7f0f05c7e193b1774c2e5713741cd4,3.2771084337349397,3.0222222222222221,4008.2870930841632
0ed6cac7a3e2f1b324f50086f288bcfc,0.0,0.6333333333333333,713.3229494203581
0ef7e21012a26a8f3678f02c211488ae,0.0,0.65555555555555556,812.14687972480419
0efa2b92642c1e6db77406bb3761baf4,6.4074074074074074,3.8444444444444446,4237.4655938874039
0eff1404b137a5562642f0f706e59f25,2.0454545454545454,0.5,463.02359510744168
0f057c0c73054f569a59a0880b91cbb0,0.3902439024390244,0.35555555555555557,599.32493797265408
0f346940b7c9dc770d408b1063ed2f81,6.7826086956521738,5.2,7465.26567750857
100979abe35f7761f333bb7e63649767,6.1842105263157894,5.2222222222222223,6024.4740316679727
10570128e114c22b855f1155b88fb379,7.2542372881355934,4.7555555555555555,5571.9276048948077
10ab4d373b29fb6ee31ae2b7b39fc574,1.5238095238095237,0.35555555555555557,524.08293187221659
10d2c35bb4b440aa1eaf06d477ff27a6,1.4814814814814814,0.44444444444444442,735.647218361925
110484e77a78d2e441af9a01a7bf4ce6,0.0,1.4333333333333333,1986.5622286777291
1110d496149d3d8c50276765924df831,4.0,0.31111111111111112,316.16531849650835
1127af601413f32c08e2a89447e5f3b9,0.50617283950617287,0.45555555555555555,598.96196321329569
113d6a61dd3bd21e5bc39bc19197f0f4,6.283950617283951,5.6555555555555559,5975.3368017897255
11506b81721ca68ef019764de3d8edbd,10.269841269841271,7.1888888888888891,8990.2050654527375
117ea72f13b43f0f4055b0472dcb6b1b,2.2352941176470589,0.42222222222222222,502.49874298511662
118be60e268514eb85f66ddb82bfa407,1.7727272727272727,0.43333333333333335,586.2664103940084
122972e7c73c944e744e6eca819d93e7,1.6666666666666667,0.44444444444444442,510.13375687730013
12933735316b452a5bc6a933d1a38124,8.8852459016393439,6.0222222222222221,6565.0915037183368
133c19880625cbe91986ee3c402866cd,1.4166666666666667,0.56666666666666665,698.22962718064593
1340d44ca7946f4192cd80d8f47ce99b,4.7647058823529411,2.7,2919.705656613723
136b51093f684e15e2798e4dc1e23d0c,0.0,1.5222222222222221,2120.0826660056077
14183e69946d782c92eb53b3c6eeb86f,0.30379746835443039,0.26666666666666666,312.03558214447088
148fb453d12992652b56d8bc2cfb1b78,0.63043478260869568,0.32222222222222224,321.93764289029582
156a150f1dbafbb01a786a5f45bdd7b6,1.6296296296296295,0.48888888888888887,477.89799711894165
15e0ade28a7d24026b2fe91ef528ddf5,5.2068965517241379,5.0333333333333332,5894.4842734534423
162441a5f1b85a5c3780686296c3bc75,0.85416666666666663,0.45555555555555555,675.82857604188325
163b1ac215580e695280d8f94c687ef4,2.3214285714285716,0.72222222222222221,848.7100400717834
1674103b16c39ab56a76884b7c2ca83e,6.4444444444444446,3.8666666666666667,4406.2587979954642
1682c469cb12aa06b06d93ab87c3836a,6.1515151515151514,4.5111111111111111,5200.1911555893912
1696be121baad60c7ca8a1c8164b24ad,0.0,0.66666666666666663,691.1418426980332
16cd1e08be52741e1516cade45ae7754,1.90625,0.67777777777777781,956.24735327654582
17235b165b78a09be9cd7f9abc1e833a,9.0933333333333337,7.5777777777777775,8982.8168821618765
173a168d2b8830525f59be85a35f0000,2.2352941176470589,0.42222222222222222,389.0180973853416
175540c364f94b6adbc0ce3541a3254a,1.2857142857142858,0.6,873.74269586734147
179ef343f855d34fa0262c720cdb9a52,7.0,0.23333333333333334,267.66213647526666
17c09e7e39d8ab4bb4e035061d43ecdd,3.5,0.5444444444444444,545.7445422144375
17dd3e3b2551857d6cc8ff106936676d,0.0,0.68888888888888888,802.47748863357094
180284a755fb939181db32b838fd0720,6.1063829787234045,3.1888888888888891,3536.0911445011043
1805f90c5220ac830835df3309a76e78,0.58730158730158732,0.41111111111111109,546.26644205401658
181396b71a4723deaa02c3dd3ffa9041,2.16,0.6,768.67547584391252
182a0089c24f844efcc4daa5a21eb895,2.8928571428571428,0.9,1131.3302981105371
182c1429cf5b585424fe676a632836df,0.0,1.4888888888888889,1941.6576470635239
183336ca67d3257c34cb80c9bd4dfb34,3.8787878787878789,2.8444444444444446,3379.2764302429914
186d02f3ae489428440a352e3fe503a4,0.64,0.35555555555555557,709.1548458799042
187a5227c531151abd112eef1d104301,5.2891566265060241,4.8777777777777782,5483.3076801181551
19029e596b5c3e45cc6b3cca0640fa58,1.3636363636363635,0.5,812.28279491362923
190abbe65af2b77794e0a6beb37cc613,0.0,1.0555555555555556,1689.3414756272628
1925803c42c264e21fdcf0a35fbd2107,5.4142857142857146,4.2111111111111112,4796.4958992256925
1936275dcb0942dc60a378839fae4730,4.625,3.2888888888888888,4893.7623912114295
1936720ce0900cbff6d9114328c84bee,0.41269841269841268,0.28888888888888886,348.52053831525
1989ad384dd8ab8f43fd19822c36aeac,3.9885057471264367,3.8555555555555556,4742.1868638261121
19daceea26aeb211cb8bf28c8497b6c2,3.7878787878787881,2.7777777777777777,3379.9865969982457
19e1cdfeaf90239d8585e6a78136a403,8.9878048780487809,8.1888888888888882,8469.2598623611775
1a2af09b492ba2519c5b4aec478642a7,3.0602409638554215,2.8222222222222224,4917.1062641674143
1aee4c95edf898beee1a8b49a1f898b0,4.430769230769231,3.2,4825.6698009269539
1b3e75000525f6231606ba9fc755fecc,0.0,0.7,1002.0272356976125
1b51afba3b72e0259db160170f824f95,2.8133333333333335,2.3444444444444446,2661.7712642146585
1b9ddecea8eb99bc37f9b0711546f1c0,9.2537313432835813,6.8888888888888893,7577.6631705748414
1bcc1e136b0515da625e163be33bbc48,0.0,0.91111111111111109,1117.4203554576168
1bcf1520b0837676f006825880b133a9,0.0,0.65555555555555556,839.36623092080833
1c4312919166a0e7cefe6b3ddf1ec9c6,1.0930232558139534,0.52222222222222225,713.15307913188337
1c44fab20b7f0804c11d88dc0554edf4,1.4642857142857142,0.45555555555555555,526.03088482977091
1c6e8fbca23da68279d93b2de6eaa3d1,8.49090909090909,5.1888888888888891,6006.8761754994548
1c95fcac4de21d077072da1ea1705eb5,6.75,0.3,320.59015248876665
1cf6fa07dcec364af2acf257b2d3731e,0.0,1.1333333333333333,1195.1634799477456
1cf95d6dd025d792340b623bcff18260,1.0,0.4777777777777778,486.81894323273752
1d4f979b3f0dda07f55d459c4b69a258,0.0,1.6333333333333333,1775.5048133382923
1d5bb1726114e5b950619517a6dd81c3,0.0,1.6666666666666667,1998.939132140571
1d789a00290ec2e8a4ae1c704f671caf,5.2105263157894735,4.4,5028.3387979518975
1d7bc6daa163020694e2a5e636b96a0d,4.703125,3.3444444444444446,4094.3212682199232
1d92784a09b1d1f85b05508e33261efb,4.0,3.5111111111111111,5093.9292418174164
1e581fdbb43900bf8d366cc0ed33ba47,0.0,0.8,874.63884717228768
1e836fdeba5bcacf45438c08bfcf4fa3,9.2950819672131146,6.3,6996.4946509042329
1e9570c1846c0f79c1ec103f608bc8ee,5.0930232558139537,2.4333333333333331,2911.204127769608
1eb30783865c10a8abc395e1b73bd578,1.0,0.31111111111111112,348.74593138241244
1ed175c60fdf7380fefc804bf4dd75f3,0.92105263157894735,0.3888888888888889,319.63274354828752
1f83b77c681720ce48d33c21083c27e0,3.5540540540540539,2.9222222222222221,3504.9004126003952
1f8e4a81c9da3260c84f14483319a338,1.0,0.48888888888888887,510.02401203805414
208b04693b8a9ef849d894070537aa79,0.0,0.51111111111111107,646.19348291359165
20f5672c1b6a59b9d5ec09a34ad90e9b,1.0975609756097562,0.5,550.0790011626292
211e4df57e1657e4b97c9dabf2f99697,0.0,0.6,734.29670841666234
215263f9135bdd22b0e41659046b150d,5.3378378378378377,4.3888888888888893,5421.7259074539306
21eb2a893ddf647ee9d307d873a697b7,12.244444444444444,6.1222222222222218,6930.878303761081
220d2d2a94c58c0f7ee7cb1864d5f0c5,6.0655737704918034,4.1111111111111107,5063.4323111557014
2231ec7a993e7ce92f79588ccc405e21,0.79591836734693877,0.43333333333333335,656.73812028242082
225fb2558cee416b136c9c9231824580,0.59420289855072461,0.45555555555555555,665.24917743297078
22ca9510a0c0d97ba66750530ee0e914,3.9672131147540983,2.6888888888888891,3535.4159987744874
22d43c4cd79a3cbab663d9eadd1e5995,4.2873563218390807,4.1444444444444448,8156.93540003981
23017e4c03d224c89b5e3a0550e1bd9f,2.5930232558139537,2.4777777777777779,2871.4683770692718
234bb57cea53cfb13d8faf4a2900341a,0.0,1.6,1693.5666026261492
236af2c3c395a20fd53696a5634abd7b,2.7126436781609193,2.6222222222222222,3114.3279265363667
23d3a2d0f6732d106fbc3d6079ac018d,0.0,0.83333333333333337,912.29064919827056
23f2a72a48ef9f44301dbcfd69f8b3f0,3.046875,2.1666666666666665,2774.0201103004274
2422c0748699c412f9759b2897484061,9.1764705882352935,5.2,5945.6792643308509
24708f36edaf58e1c50b06720b536b45,3.175,2.8222222222222224,3179.4282845742091
2486ffe6e7e21083d3e7fcf38907c0b4,0.0,1.2666666666666666,1489.0578926048461
2494554e7702a28816717bc0cbf7d57b,3.8545454545454545,2.3555555555555556,2954.0202025760323
24b79c598cb070bf049057bd529d3c86,2.7439024390243905,2.5,3195.0026506242639
24f805c6313acfbc2250cbfd90268b24,0.63380281690140849,0.5,730.16109543774985
25061f5683655c7cc6e503eb0383c96e,5.3529411764705879,4.0444444444444443,6055.2070491242366
25827d13d5d988125ef4cc8a2ea3ddc1,11.069767441860465,5.2888888888888888,5698.93124793025
258e3bc5c82e3f687b4e999bc598374e,0.72727272727272729,0.44444444444444442,581.18659241237935
2678d03ea513d10988818e77c5915b75,8.4925373134328357,6.322222222222222,6995.0239501812866
26dd952cf82f0d354e4007476748a1dc,7.3908045977011492,7.1444444444444448,8883.1343074446286
26efe85697b050171e2ac92d11f75605,5.4186046511627906,5.177777777777778,6698.05586756545
2715aa38740fc559be08fd54dccd1803,1.388235294117647,1.3111111111111111,1437.7434386887708
272fc17e9698d95dda029e15b5546534,3.8125,3.3888888888888888,4392.6283879668354
274a1e97df854e1590ae812ca9ee5ac7,3.6823529411764704,3.4777777777777779,4749.7001651961873
276f6a36e30c69076c4cab7970ade946,4.666666666666667,0.46666666666666667,714.851680077925
281274ed70a896744065199c58462f3d,1.6551724137931034,0.53333333333333333,881.3219580192042
28e4da66781b209cd9a299365a0dcab0,0.58695652173913049,0.3,309.32664054113752
290c05b6d7e38c64bae2535b5d1d27f2,4.5555555555555554,3.6444444444444444,4971.8135228547244
297e507cc9f1da096e51c2223657255b,11.76,6.5333333333333332,8657.54767005802
299507a03373935d7a89a9fd6a6c0e46,0.72,0.6,796.18589059250394
29ca037d71b4a5934ae4528d050daeef,4.6111111111111107,3.6888888888888891,5090.0915489395611
2a190f6b01dba26d00d3b644a268ba75,3.8181818181818183,3.2666666666666666,4469.5659055705746
2a289b5c712e32bfb651b126cbe4e5bb,3.08974358974359,2.6777777777777776,3078.9848231599158
2a4afd4ab156dd0a6a0dc48bdf5d8db7,1.1351351351351351,0.46666666666666667,591.70413243000837
2aa41b072dc16081ebe60ad5b17f5a4c,5.8101265822784809,5.1,6297.4473137868163
2b1f99b4f3360623da8fdcd39828122e,3.6865671641791047,2.7444444444444445,4167.2666908759866
2b4078909534095c15f578c588667bc9,6.625,0.58888888888888891,676.51565541776233
2b77329ac116a3d1a5334c3fd54bd499,3.0454545454545454,2.9777777777777779,3462.4209171637563
2ba51f9574a5c08327a718edada3e052,2.2222222222222223,0.44444444444444442,518.30162793739169
2ba60fe37b426385154d69d8eff687e1,1.0512820512820513,0.45555555555555555,484.00893163912917
2c00d6d77281fb9f97c1eb711f39b08d,0.0,0.92222222222222228,934.65232784437478
2c130ea88372d326fb1a0719227627e3,3.8392857142857144,2.3888888888888888,3266.7408238162338
2c985e2b039f99a0eaf86c50a7b1af42,0.0,0.65555555555555556,725.71645768067481
2cc500616c927ce30d0bd1e87c699ef5,0.53968253968253965,0.37777777777777777,485.10637713442094
2ceb9ff7898dccb3e0a77ea559c6b2f2,0.0,1.0333333333333334,1166.6126896458877
2d42e6d775b4399a56b71c2f3d6905ab,2.5747126436781609,2.4888888888888889,2528.837752797484
2d4c69afb7ac569a35a1c15fcecc1cb0,6.0136986301369859,4.8777777777777782,6236.79923920792
2da7874cc42c3c94f157bd3fd78369b6,6.5609756097560972,5.9777777777777779,6473.0014404481717
2db4e5237ec8a271bd6269b5ddc9b422,4.328125,3.0777777777777779,4372.3311550735834
2e4d5b1e1a62e56b3a8f887641379fe4,7.4743589743589745,6.4777777777777779,8037.4563813366067
2e5d7b104b570a5cf450f6825880c9dc,0.85365853658536583,0.3888888888888889,469.8443733970625
2e882efad8288189f654defcd3dbcd64,0.52380952380952384,0.36666666666666664,354.0741817051624
2ebb15757eae00c4c491f569ca1a72a4,0.46575342465753422,0.37777777777777777,370.17872204552077
2ed0f3c071cdebf30186d2bf0a0c6151,3.6875,3.2777777777777777,3631.5050779986796
2f29fdfd281552870b7f07152889e0fb,3.1463414634146343,2.8666666666666667,3221.9385602536986
2f3773bd9dab0fa3e04c6f58dc0714a4,0.42622950819672129,0.28888888888888886,304.56268109535415
2f50e03ac03a920d1447b894643797f6,0.91428571428571426,0.35555555555555557,405.03991377069582
2fc2b91e6f4452b5a6957a1a79316c07,0.0,0.71111111111111114,849.0056177786621
309320204754c3eeb2577949e870fe2d,2.7820512820512819,2.411111111111111,2662.3837432283008
30ba26d095b10a14a5914e247b07e82d,0.0,0.66666666666666663,795.21840744030851
30e91f4104a6b5b0450588d8febddd93,0.89583333333333337,0.4777777777777778,589.51106580233341
310d41d776c490d00a0845be9b1920c6,0.0,0.81111111111111112,907.90057989244974
314d2be0d3461375f9e9ecf56b2b04ee,3.7692307692307692,0.5444444444444444,666.48206847711253
3155bb6b7fc081f2cccc4f50c9bea08e,0.35526315789473684,0.3,357.18876030884587
31b451688ffc6f785c22bf74374507bc,10.25,0.45555555555555555,561.09913206634155
329870cd7580c9efbc6b62073f89b90d,1.0,0.6,621.62661964280812
32b84f6d92b60badb7a8a6c47088151d,1.0540540540540539,0.43333333333333335,543.2805459479124
32d6b6b2ad34385519bd4492ce78eee4,0.82857142857142863,0.32222222222222224,312.404827529
336a98815390e16a5661d2570374d448,5.8255813953488369,5.5666666666666664,6104.4623466698658
336c8ec2eb47bc1453b85ee78849038e,6.325,2.8111111111111109,3258.1033653522909
33b7762088cf5b82b8fe6fc291f93b6b,3.125,0.27777777777777779,365.304258821875
34699d5745d74c7076fd1ef051b795a9,2.0,0.62222222222222223,944.72114264055847
3474d70dfe09a1d9545f436cd3f3136a,1.5,0.46666666666666667,455.21354022706669
34784d7e4e1ee4869f10d9abeb4ad3fa,4.90625,3.4888888888888889,3987.6594851177474
34c0cce7c3c34f9f6062b697637890b2,3.8913043478260869,1.9888888888888889,2408.1795847381964
34e2c40d9d6f01ec4a0ffed4b032ec1e,0.7678571428571429,0.4777777777777778,712.92857398319154
3575446a7484516f5593add3ddd37451,5.5857142857142854,4.3444444444444441,6772.492656431903
35c3b0390b6f80657c53fb46b13f0a9e,1.024390243902439,0.46666666666666667,618.24298364862921
35db61ddf8e29d55a2d355ed0f9166d8,0.5,0.45555555555555555,551.4734042550499
35fa59db20f02b89264c5a97b94d7785,0.559322033898305,0.36666666666666664,408.8324227439291
360986407495af6c54b95e399891890c,0.0,1.1555555555555554,1577.2224313122035
363f684a638dac345e67fbb78e492efc,3.7636363636363637,2.3,3233.9157063605471
364c929f1d6535aa17df83ebcb349e87,0.0,1.4111111111111112,1658.1552550345698
367091701b7a57ef3e93c9fe2f6d3b3c,1.1282051282051282,0.48888888888888887,503.391265643925
36de1e085fbd8f354dd3192571cece32,5.3529411764705879,4.0444444444444443,5443.8977484553843
36df5bf5a89917fde3573e7c960c2097,4.3898305084745761,2.8777777777777778,3560.8993783170804
370412f2a2747c1fdf8e807374c04a3d,2.2714285714285714,1.7666666666666666,2012.059501259517
370e9f95700973dd95508e2f39b2bd29,2.85,0.6333333333333333,693.85702704333755
3777e15bb2eb838394a372e119d96462,0.41428571428571431,0.32222222222222224,379.20779322986249
3788dc9e91f1548816ce8b5af07ddadc,12.836065573770492,8.7,12304.872202122975
378f8bfcef6759b1e6b0e66b04424f54,2.7738095238095237,2.588888888888889,2936.6665492839234
37ac4f9379c836b08c9a6e2315fd66af,0.88,0.48888888888888887,665.8645172695708
383f5c018cf7ffbf2471c87a9d24414d,0.0,1.2444444444444445,1395.5884519330998
38510028b6d34d1b1339fa4e70783563,6.3142857142857141,4.9111111111111114,5469.4391902228708
3857da988688981b67c878fc179eb0dc,2.96875,2.1111111111111112,2907.8792532716088
387fb3e0e515f38826f70eb475a3bfb6,2.8028169014084505,2.2111111111111112,2316.8608028841982
392e07cd00f38f357ae73795619fd0e3,8.8833333333333329,5.9222222222222225,6721.9442140719975
392f50e58bee8a34399972bf0cb175d3,7.025,3.1222222222222222,3763.6490091524479
39610183ef179aff12f730a549e7d6f4,0.0,1.1888888888888889,1657.7910719559343
3995e14ef393d59d46cfb69a1c5bd8ee,0.0,1.0555555555555556,1189.7747740688376
39a7bc235caf53556b15dd28ab5a7157,7.872727272727273,4.8111111111111109,6120.6093421565192
39eedffe18d7ec6c53741f9d46c7ab51,6.2142857142857144,3.8666666666666667,4368.3190000103787
3a1d9fb7a8cfd55ae38d1b4fb1520d1f,7.9523809523809526,3.7111111111111112,4472.3585899046229
3a52faf7577b389cbe9912652cbad33c,7.8181818181818183,7.6444444444444448,8879.3866125789773
3af5c66b6800650cebac636822ac14c7,5.758064516129032,3.9666666666666668,4420.3372508726106
3b2dca5cc3db92a05ea35056887108b6,5.2,0.28888888888888886,307.63924509639583
3b6ae24dc593e6609bf90a1b80630439,2.8095238095238093,0.65555555555555556,1021.8759011036833
3b7f314bfe75abaa6718399d534ccf47,3.7790697674418605,3.6111111111111112,4302.6533198922543
3b87648d266e62600ff719b691fd8562,2.859154929577465,2.2555555555555555,2467.4454350513997
3babf7dbd39edd11603dcd53e50dc050,0.88235294117647056,0.33333333333333331,473.7165074413582
3bfb185b9491beb56fc10b6212c6c9c2,4.9125,4.3666666666666663,5073.5944151171816
3c69563a9561f995598ed81f1f5c331a,5.4383561643835616,4.4111111111111114,5900.296045635273
3caf85a7d6b8f5615fbc21e8310af584,5.0344827586206895,3.2444444444444445,3316.2985467757658
3cb09b3c900f71e1f7bd7686eeb221eb,0.0,0.78888888888888886,898.85222967904986
3d2fa009a9f144706ad28ec9348f5960,3.8048780487804876,3.4666666666666668,4253.8624772221092
3dad0a540eaab6fa876e4938d728efae,2.9166666666666665,2.3333333333333335,3034.5757054598789
3dec7f876bb8b281df66b46469c79393,0.63013698630136983,0.51111111111111107,716.2536238671
3e66ede2d283842c643b6b623d0ca168,0.64864864864864868,0.26666666666666666,289.95407756126247
3e8d06b82eb75b584564ce66217b3514,7.8235294117647056,2.9555555555555557,4226.7966821765149
3f2ee0f16084bb99e8423807273c5816,4.4,2.4444444444444446,2821.2759443779491
3f62bb3b6a5ccddae37ff2fe3bfb3efd,6.9111111111111114,3.4555555555555557,3977.0415475121022
3f79678c849eca6b438bb3d4bb59a5c6,2.2976190476190474,2.1444444444444444,2308.5875967716888
3f82d353964869022a995e87b480a901,3.5487804878048781,3.2333333333333334,3948.2765169805207
3fcdb7a637be76b45ad806d4f832c966,3.1666666666666665,2.3222222222222224,2279.9589086673577
40061a1bbba0ff209c889094d24f6032,5.1022727272727275,4.9888888888888889,6685.53474071488
4008627b85a36afa46e22ecf513fc699,6.8695652173913047,3.5111111111111111,4651.3127182091139
400daded5197f955191887cd567338ee,2.3448275862068964,0.75555555555555554,1096.5059306692665
402ce9ac2db62fcb5fe29ba1d40566c7,4.4935064935064934,3.8444444444444446,4393.2300581710033
4125bef57464803d018cacc1d3f08f74,4.1785714285714288,2.6,2774.4422723641419
415fbbda45a4a410e3122e3c992ace42,8.5535714285714288,5.322222222222222,7194.1500701836239
417055c67f5510da99ac623b02b87847,9.75,0.43333333333333335,547.49647362101655
419eef26d8db5ccac04bf5d87af8059a,3.5686274509803924,2.0222222222222221,2248.6399242872203
41c0c615fda333c60ebefa9a2be40e28,0.0,1.0111111111111111,1166.7288014428166
42256e33936dfa69088f540a720edc97,1.5909090909090908,0.3888888888888889,501.42938362797912
432754fe9722d008cd7328f34852de61,2.59375,0.92222222222222228,1356.6782752150455
4343b3dc4ad77e98d38808b64003bee0,4.132075471698113,2.4333333333333331,2940.2215600735694
434adfc83c625f393595207cfff91ef2,4.229166666666667,2.2555555555555555,2405.9684031471716
43c0c8c440fc623a2ef193d5b2230947,0.0,0.6,672.713953188575
440abd26a1c60ce02351bf1823d2d46d,7.9189189189189193,6.5111111111111111,8524.03489056171
44198b15df35d0827ebef271b6264727,6.2,4.4777777777777779,5117.1315313007935
443cf8f9119a8fc409780159c46d2de7,3.051948051948052,2.6111111111111112,3475.0637011063068
44509b1a5d4f1ad8350076d754ab1cb5,2.7341772151898733,2.4,3000.5540807150792
446b609957a142e8834dc88cebb7dee0,3.7659574468085109,1.9666666666666666,2135.4604115983802
446ffe55730ace4059f02a4806018a08,0.90322580645161288,0.62222222222222223,939.95121214817493
44b7669c8f7ec8b8e592f150c7ee7fa2,4.1358024691358022,3.7222222222222223,4133.568335601477
44e9f61af64c2d25412a0f4532ada63c,3.6153846153846154,0.52222222222222225,490.1031585473167
455ec8a8532948fe2c5e308af37216a1,8.1724137931034484,2.6333333333333333,3263.9045409882465
456467f01492ee1aeb7707de5c725f1c,6.9848484848484844,5.1222222222222218,8603.1029233247318
459af73e5a9d360ff51cf284c571f01b,1.8947368421052631,0.4,414.19360454600417
45ebd51300bd4bcc529a11a855827db4,6.5384615384615383,4.7222222222222223,5441.1776297163506
46b9dc30efea1755f8ada69668793bf5,0.84848484848484851,0.31111111111111112,442.72019661700421
46da643aa47256fef0822a2f288e115b,3.8235294117647061,2.1666666666666665,2609.6617947648069
46e1da1c7fe0602747beb9fe6bbaf037,0.55,0.36666666666666664,356.04445354701664
46fcd24790c5eae35fa517051024bfe7,6.208333333333333,3.3111111111111109,3755.9356366028828
4705afcfaac4e4bd293f613e3b01598f,5.2459016393442619,3.5555555555555554,4181.415723010251
4713aa4cef966a678af02897a0e74043,4.5510204081632653,2.4777777777777779,3017.2542354022657
4742b3f8432af0165e291edc6b8c5e53,1.225,0.5444444444444444,755.59926628878338
479c3dccc06056867dd10c7d9fa0f569,6.1573033707865168,6.0888888888888886,6997.9284813001213
47d53cd40685a32d936cbde7760eb434,2.72,2.2666666666666666,2899.4532139655757
48e49f85bb962b1f77ed152cc32dcd0a,7.068965517241379,4.5555555555555554,5344.7702602507334
490a37e876eb5d48f8e56e0d99461b04,0.96153846153846156,0.55555555555555558,760.55808931413753
4952bdd8850792b72466848cb4930f10,4.4509803921568629,2.5222222222222221,2975.69936898373
49803452ad1a68e87b448f5129276bc2,3.2575757575757578,2.3888888888888888,2874.7006986919268
4a07b94db0ec6615f30ace6efd2a19cb,3.8644067796610169,2.5333333333333332,3117.4206929607312
4aa585f63fbe04dcded4019662cc47f8,1.826086956521739,0.46666666666666667,519.35598149558746
4af132c905d92d74454ca4934ee2450a,3.1095890410958904,2.5222222222222221,3095.4264090243496
4af6c062ca397fd6b7bd2fb2a91e5964,1.4324324324324325,0.58888888888888891,763.9269416406546
4b52c260ac5817566e61009e4bd23329,0.9107142857142857,0.56666666666666665,814.71644143059575
4bbf15c7280e29c1df6edd7bf6dfa56a,0.0,0.66666666666666663,759.13292585887916
4bcc817c8aba8c5569e370b238831e77,0.69230769230769229,0.3,307.8938274909334
4c5f4c8887459671e65b68826fe750c3,2.6857142857142855,2.088888888888889,2503.8433634449566
4d10262d534bd366736dcabc8d37a3bb,4.6166666666666663,3.0777777777777779,4028.9207314154792
4d1e99b879de5fa11e3f5423416f0497,8.7222222222222214,3.4888888888888889,3804.8707698680437
4d40cd073132f01ccef7027f70890b6d,3.2075471698113209,1.8888888888888888,2170.2389593242874
4dc7656f389d5cfcd38bf7870c1ce3e6,5.0666666666666664,2.5333333333333332,3626.9398566508917
4dd633c46b8d78842b1e9dfb7f6a60e7,0.54929577464788737,0.43333333333333335,567.71863842405412
4e1fa948dc5295202fa8b7f8062b0d28,0.71052631578947367,0.3,378.90004199481666
4e428667c6bb84323046e5647dfdfff0,2.25,0.5,631.07683259085832
4e83cce03deeca174a87faaa046a4750,4.166666666666667,3.6111111111111112,3868.641406837437
4e9bcae1e2305fe1e6b215cb82833e97,8.473684210526315,7.1555555555555559,8605.1887442127772
4eb382d1f7d50fae1294964263d1ce82,10.25925925925926,9.2333333333333325,10781.930500794813
4f06c1412e8f2c16c96abb053997112f,0.67307692307692313,0.3888888888888889,390.96032719951671
4f3187e47f035afbd77a00d4cd536d7f,3.67816091954023,3.5555555555555554,3971.4754776513128
4fc9091d4e900a41a207ee32a639d658,0.0,1.1888888888888889,1248.3434893203162
50eadd94fd0152fd0638a915061c4c94,3.3243243243243241,2.7333333333333334,3645.1132986958191
50ec87212107552181f769bdc522b63d,3.4133333333333336,2.8444444444444446,4210.0762339662269
512ee3c7f8f9bfa6b7d3d824f5af228d,3.0,2.4333333333333331,2777.2450215092053
514da6a81ecbe7cd98fc71045c66aae1,1.0,0.34444444444444444,368.5411141844624
5185567c0a5ec03eddbb003364c82b97,5.4313725490196081,3.0777777777777779,4476.5293175929164
51a82cefe6d4e058ed392ea004572896,8.5102040816326525,4.6333333333333337,5532.84065434189
51b528390e8e7780595f6009b1f4cf72,8.0,2.6666666666666665,3018.9773896888573
51f9f1d1ecab1f433129d22b49b0a5a7,0.0,0.81111111111111112,924.71690628474175
52bc8ebc7db90d5b77453bf475677ebd,1.3823529411764706,0.52222222222222225,622.77339062728754
52e3ef2a0b9c09c619f2f8c588a03946,0.0,1.0555555555555556,1204.6983872818494
531a726b5b0c925a1aa24b5a9d5ac333,7.024390243902439,6.4,7540.4546612989016
53b03eb76e7c0e268c027a6868b9394c,0.0,1.6333333333333333,1648.1666578977045
53e554eb940176c64fa8ee10a394f835,5.1304347826086953,2.6222222222222222,2818.7292879553379
5420c76a41d255a40272c8f3c1f93c6a,0.9,0.7,995.0229463904
5479187ed46c2c87abacde90f4d8ed6f,4.3717948717948714,3.7888888888888888,4100.5795175264047
548a85a2fbb4986fd7a632566e8cb9c3,1.4848484848484849,0.5444444444444444,539.14478204180841
554a4f92c47ec3280d3ca64f5250b023,0.8,0.44444444444444442,559.08112424576245
55bec90600d21bd3513366d218f2b2f2,13.829787234042554,7.2222222222222223,9406.9225349220942
55d70545197fd2c5cc68f14f3d5d6585,5.0701754385964914,3.2111111111111112,3839.2597956289756
55d7b17732745057aff29fcd0ce13014,1.3214285714285714,0.41111111111111109,478.3773128901708
561593fc7dd18e6a78c6ad5e7eef0061,3.493150684931507,2.8333333333333335,3845.3735321668428
569271b82c506166a23ffcfbf6f854f2,6.9130434782608692,3.5333333333333332,4868.4403368779294
56a4e20f9bb47ad281d6b15e591801a0,0.0,1.211111111111111,1362.9020973585707
56bda1ed3f3299ff6e8465398a498a5b,1.1333333333333333,0.56666666666666665,902.33846031150006
5718c878f7879770af94d41951431983,0.8666666666666667,0.43333333333333335,539.74007623176237
579967d1572ee95c66ffa1ca4077b61a,1.1612903225806452,0.4,499.35274327413748
57c15602f0b088ce6b9e4f88edce149c,1.5806451612903225,0.5444444444444444,671.21210352233777
57c355d13a3bcfd36b3245d03f3f9d69,0.97777777777777775,0.48888888888888887,668.68647411418738
581129294fc7d1f43a4d1a372515dfaa,6.1714285714285717,4.8,5577.1921313728462
583740d998ccdf639276e797a6caa9df,0.82978723404255317,0.43333333333333335,415.59424497643329
585b09e7ee2164f95b134866f3f412fb,4.2711864406779663,2.8,3999.4758838557514
58d8c3038cd500e773aff605e28ce8a7,1.4705882352941178,0.55555555555555558,793.86704462367925
5943b68c2fa8bcfd0add30691fd9136b,5.4457831325301207,5.0222222222222221,7434.4429282307146
5a22303ccd79309f5324acc7b0e751bf,1.0666666666666667,0.53333333333333333,532.77324533190017
5a4306be3d5e1d5481e9237d2d211cb6,4.5625,3.2444444444444445,3887.0630404203066
5a880bc9cddbb3845438de87f859c360,7.6268656716417906,5.677777777777778,6733.6609603074994
5ae3c8ba3ae2b9230664674dadf8535a,6.7894736842105265,2.8666666666666667,3697.2619379290863
5b33db9198566d3fcc5aa0bdeb435d2a,6.1086956521739131,3.1222222222222222,3520.3808168285545
5bc16e27bab01988b2772c014f73bcbf,0.0,1.2,1211.3946230125337
5bd37993cfff08be940348a466912238,3.0,2.2,2825.3116466842821
5c00ecb439cd4e2377e9bb3de84b0e74,0.75757575757575757,0.55555555555555558,645.81443128649164
5cb230875b1a38b725085246444ffd0c,4.2878787878787881,3.1444444444444444,4022.4206167641796
5ccc0e6dc9c7475caf785cdce7b8eb7a,11.207317073170731,10.21111111111111,12350.273237161044
5ceff5a3983505de6d021403c6975079,4.64,3.8666666666666667,4851.3137168481517
5cf93f7d1d3a8f0cf395c84053c31b1b,0.717948717948718,0.31111111111111112,415.90676796129583
5cfe569d448c9a5e120ce15611e7c779,3.5217391304347827,2.7,3448.9218285809975
5cff9e4588a1d8b4b0fd703c4720421b,3.6962025316455698,3.2444444444444445,3498.7979427748364
5dd7009f3d7f049d3e38b155ecd3a24e,4.4324324324324325,3.6444444444444444,3877.2959130839631
5e37e705afb774452ab30d20b9561a0f,0.91228070175438591,0.57777777777777772,747.72137598166262
5e5bfc73736d6aa15ac33ea01d47e5ee,1.8235294117647058,0.34444444444444444,393.26666718051246
5e6bd3186b283c4e430332e1a3dd1b2e,8.88679245283019,5.2333333333333334,6103.1010512016028
5ee4b2778c1c130de0c483c663eaafda,0.0,1.2666666666666666,1399.471679296433
5efe1190183936849880ece11b1ece77,5.8360655737704921,3.9555555555555557,5195.7170446103037
5f34c8fc5bdd33f14bb71999b8286aef,1.7222222222222223,0.34444444444444444,394.585639277175
5f946639378f9e31eee8b927dd743949,3.4615384615384617,3.0,3382.0429755686623
5fa7a1c16064341eb489982b16858550,0.0,0.76666666666666672,1048.0993426805376
5fce375e4e5c673c29e652df1ac0b903,4.8977272727272725,4.7888888888888888,5819.7064982469819
5fcff6005a0b8963eb1aae778ef20ffd,0.0,0.7,753.2915281150872
604097f005384ad20d982e7584f27c09,1.9642857142857142,0.61111111111111116,921.92563660363317
609970e669f2c55d69abc3cb117c47f6,5.1604938271604937,4.6444444444444448,5254.0761527625336
60a524518de0ab4261b0e71ee7011d64,4.0810810810810807,3.3555555555555556,4303.8567335788266
60a5c854c045655abcb37a022e902f76,0.0,0.77777777777777779,787.48482548559161
60f73dcab4a99269b597381b4958391f,6.8510638297872344,3.5777777777777779,4166.774982554276
619fb670865cb3e2583cc22fde1337f1,11.964285714285714,7.4444444444444446,8019.8302220860687
6241b9c147df1d0c7027321d4e1d53cf,8.5555555555555554,2.5666666666666669,2995.1035246309712
62a95561a6b12acbf809772553ba1462,3.8695652173913042,1.9777777777777779,2185.5514707628413
62aa54591b22be467c5a36356f96915b,7.9555555555555557,3.9777777777777779,4658.7823813548812
62c83d1a137771a5c82433c8b3f7fddb,5.8301886792452828,3.4333333333333331,3882.6024891177517
630559dc85053c746beafacbd590e8f0,4.202247191011236,4.1555555555555559,4873.0358347543406
633310975f38cbaf67eb5043b4c6c77c,4.5783132530120483,4.2222222222222223,4786.3206864693
6455eac21c029b8d93ff09c2dffcea35,0.4625,0.41111111111111109,753.31154483943772
646eba049df90f6bca2f51ce20004ac4,5.5757575757575761,4.0888888888888886,5036.9670464884539
647bd8b8b02c285db177096a351f8e2c,0.52307692307692311,0.37777777777777777,430.47942665615005
6496e639a66891475054d89c73c6999c,0.0,1.6777777777777778,2708.7603443961293
64e245c2e3f5c7658bc062e9840c04dc,8.6136363636363633,4.2111111111111112,5157.89892575417
654c3e2ff69e4d6c9569212cbaf7af07,10.5625,5.6333333333333337,7068.5236984421581
6580de4a0be125c140c30436c7c2c988,4.7142857142857144,2.5666666666666669,3057.8303931693763
65b885fb53d0d952ed5be174c9c2d76d,2.1111111111111112,1.9,2062.9971649315867
65bacc9ccdbaf8341a7232d5cfdbb0bf,5.8139534883720927,2.7777777777777777,2989.7909021128057
66290b00f9756a4c6808035244a4b9f6,6.4363636363636365,3.9333333333333331,4806.1468459303333
6641cc5d8221699e7db3376fea5587ba,6.4468085106382977,3.3666666666666667,3863.3079656742507
66f7bc876e24e26c5d71cb9a2a0e1222,4.0123456790123457,3.6111111111111112,4789.6312317641059
67129f4eb32604d9e420da5bf6bb2469,2.986842105263158,2.5222222222222221,2876.0588606468477
671a36a580dd94c6a80d0dbe7fcaeabc,4.8095238095238093,2.2444444444444445,2486.2009469233503
67771fd10458c38391b55774826e4c34,6.90566037735849,4.0666666666666664,4993.773140383244
67f1f6f75e9fbcb288ecd91acb325b27,0.0,0.85555555555555551,979.46297138351679
68278139c792b482fd28d610011a94a0,0.0,0.62222222222222223,796.7249819087416
685a660507aba9066865ebfd62c48451,0.94285714285714284,0.36666666666666664,485.58315433595419
687ab6ec9da9f17ebd4d8665d1988e0f,8.1730769230769234,4.7222222222222223,5351.5795953672223
689bdf87fb2de49f98bf4946cfaa5068,9.5662650602409638,8.8222222222222229,9687.9558389754638
68a84d00f61c9fd6900cd12e662d43fa,3.3375,2.9666666666666668,3370.2238450911809
68b546b2f4102641d6774c1ce4f57457,22.0,0.24444444444444444,255.45811496723326
68c4e63e9663a4bd8d4e435601a26a37,10.79245283018868,6.3555555555555552,8072.8923371955671
691b99ebc7251c00edc12eab9232c0c4,0.95121951219512191,0.43333333333333335,530.68019677738744
699c387896f72e990239cbee1d81ff95,3.9076923076923076,2.8222222222222224,3409.940712794476
6a0b94ec26ca0805f971c293a9603887,6.140845070422535,4.8444444444444441,5217.2186667173783
6a190e3b2a68b2822a03fbd698f02604,4.4339622641509431,2.6111111111111112,2993.7945287430675
6a464f9c764040d89517cb5ed9257953,6.71875,2.3888888888888888,2901.4770786500653
6a4c652f46bc14c1c04eff3c67cabac0,1.4090909090909092,0.68888888888888888,1115.5108807728002
6b0ba48a13c721f5fb766339a42d25f2,5.721311475409836,3.8777777777777778,3812.6717226630617
6b65c06851e944351dd285a1eb729499,14.653061224489797,7.9777777777777779,10708.930748517141
6b941e22c8f9b2f159cce49fef9febff,1.3076923076923077,0.56666666666666665,633.63458596987937
6bc4ee6df691c3bed34c69aa93964ee9,0.9555555555555556,0.4777777777777778,516.84950696016665
6c0555804ebade45096a199f932e949e,7.7551020408163263,4.2222222222222223,4395.9697925727432
6c1c6b6992a23fe80dc5377cba9cc2e4,3.1084337349397591,2.8666666666666667,3257.2751091347627
6c5370105323176e4e88993943aa5b24,6.0547945205479454,4.9111111111111114,6636.0835810980634
6c56118b534a5b446d1fd0eab7dc9b19,3.1052631578947367,0.65555555555555556,862.84244498348755
6c9d732cd0560af6e8939ac97bdd78d2,5.3522727272727275,5.2333333333333334,5763.481362017319
6cb35e276085548f3f095a85aa63af7b,0.96551724137931039,0.31111111111111112,456.44757580693749
6ccc2af7009dfea4572de788827ac5a1,4.4285714285714288,0.34444444444444444,462.23690195839589
6cdff0516a17236168522e0a270f4671,0.90625,0.32222222222222224,411.19732983426667
6db38fccb3ac1de3981b701eb5a15d84,0.96363636363636362,0.58888888888888891,755.28897636459612
6df6c8f8d3c2a93314245a604c02bed1,0.45714285714285713,0.17777777777777778,258.26287638885003
6e70c2024934874d052225a4466fb9c1,1.6136363636363635,1.5777777777777777,1740.8833809678217
6eb2e0f41fc9f1fbb70e7751035fdf87,35.0,0.3888888888888889,421.81482223960825
6eb562641c6e0074c14ac265153ccda6,0.5714285714285714,0.44444444444444442,498.81989755773338
6f107d977e357e3d22036cc447b354b0,5.67816091954023,5.4888888888888889,6828.0556286345527
6f660e81330d77df19d4e3fb14b18730,7.333333333333333,0.48888888888888887,553.47213654311679
6f739a076d7ba8ca414334af995fc44c,5.1044776119402986,3.8,4271.626108068439
6f9156b8af78f1e7f4ce971b50cacf29,0.7857142857142857,0.48888888888888887,626.2208642262666
6ff443616dd01da842095c0939394baf,7.9090909090909092,3.8666666666666667,3937.6299689065604
7023bf0fa91bea71ae7bfa2481fb5b90,2.835294117647059,2.6777777777777776,3139.8990385297848
7062cc9432dba19f5b474be707a73525,13.212121212121213,4.8444444444444441,6472.4417079308914
706466935b9e1d04e4e116be7ce90ea9,0.44186046511627908,0.21111111111111111,222.16114471492915
71a4cd7ad9005409dc1bef838b488e6b,5.4237288135593218,3.5555555555555554,3916.6554419997292
72118f61d16a22814cfe01fcffd0659f,3.3333333333333335,2.5555555555555554,3184.2555258484804
72741692a0ac3fbd22820b0b278c4040,3.575,3.1777777777777776,3538.394451586676
7287a688775698a457a560e1133aee0a,5.56140350877193,3.5222222222222221,3493.7989091255768
72ca99bb6667024a23e1f68904b06fd0,3.9777777777777779,3.9777777777777779,5380.94761573053
733e0653a13dd43c9b668b1825a2fecc,6.666666666666667,4.2222222222222223,4670.5351492160662
734e463e87289ed53edf3802a2cda9fe,3.3333333333333335,2.5555555555555554,3276.7142833968705
7419cd5c573ff9994c0f8ff5d92b4408,1.125,0.7,1534.6730573200164
7473815d8eb56f765461525f1bf48c93,0.89473684210526316,0.37777777777777777,397.01961661405
7476a4cdfe6cb9587f03db358dff548f,0.358974358974359,0.31111111111111112,410.81229950762088
7481015e6b377191f3b1531bc74e6908,1.48,0.41111111111111109,409.29202845427926
74d1c00ab5098202337a91c936b6e080,4.0133333333333336,3.3444444444444446,4142.3904434205
74de6f7e57690a1687935227360edf7f,9.0588235294117645,5.1333333333333337,6485.0884127005847
750b2b9e0f4caa4539c2553a4d04fb6b,6.5,3.1777777777777776,4923.4471275500819
7553628edc729ab03cedd3ded8de8736,1.16,0.32222222222222224,503.34378841490832
758f6d309376d24b53da45e91cf778cd,3.0919540229885056,2.9888888888888889,3377.1668937274821
7596061dc6e3a61ec35e0307bf423838,3.8909090909090911,2.3777777777777778,2996.7878340935417
75d8798826340198f4fd204ed31336ed,6.7924528301886795,4.0,4977.1775961452049
75ff47d4ba4bd4480629671a666500ba,4.3666666666666663,4.3666666666666663,4989.2934962660765
762db27fc4dd1e53dd4fa982ae2162b4,3.2714285714285714,2.5444444444444443,2821.0152108987904
764289a2931fb70d1d27d5603d49edd2,1.56,0.43333333333333335,457.62256462084576
766fea0c4f0b265fe9ac9e1e4ec64ad7,3.8653846153846154,2.2333333333333334,2576.423157220705
7708f393e874acbdd44bbf47c9a328e9,3.4603174603174605,2.4222222222222221,2628.9736236310346
773555b1cf65c9fa882fd9f6c50f44d4,6.2727272727272725,3.0666666666666669,3305.5737744589392
775a910a05bbc12a236ec64d4109c37b,7.3720930232558137,3.5222222222222221,4928.1862321199251
7767360462c03c38f487f16f57b02e02,0.8214285714285714,0.25555555555555554,296.3086670644542
779747a77c043096f6428413f26d25dc,5.3409090909090908,2.6111111111111112,3714.3262096078697
77c589b9398709f398778a0ff368e00e,7.4035087719298245,4.6888888888888891,5453.9387660293914
785d6109caeb2f53c0628c37b20d91cb,7.6166666666666663,5.0777777777777775,5800.975340708459
787fafc34f07b372b60981ccdc4018eb,2.7037037037037037,0.81111111111111112,1003.4935252027166
793e2072826ee96904a5f03ae2357e96,4.5223880597014929,3.3666666666666667,3891.840962434399
794a74f41f18a115252fd26bbd16882b,0.0,1.6666666666666667,1858.271137674308
7960373dbd5c93b4a066b352fea600ee,6.7173913043478262,3.4333333333333331,3711.3998624929204
798b4cc659c984e8353c7a4f90936df1,5.4761904761904763,2.5555555555555554,3342.4563602236549
7a1fd3df8aa8197bdb3be8c5d4ffa92d,0.95,0.42222222222222222,447.113779989871
7abb5ee55c03357b69af929f51443bb0,3.8305084745762712,2.5111111111111111,3099.8232387050293
7abb74e551c262a945929b92e0551b04,6.4571428571428573,2.5111111111111111,2867.1464169669571
7ad917215da937eefdf48e3c9d3fcf26,3.6315789473684212,2.3,3394.8200213659416
7aee4951b59fcd1edda02bbecaa2a717,1.2903225806451613,0.44444444444444442,494.06736510539173
7b625f643d0775f0ac4898e33235377b,0.2,0.033333333333333333,25.6913047619
7b8eaf284addb604039c7e22d23c903f,3.7014925373134329,2.7555555555555555,3241.8242309335465
7bb464563d0d43f7f894439d163f4ad3,4.2307692307692308,2.4444444444444446,2967.49702848732
7c1478b12207107ae4296e656a49d6f6,1.5135135135135136,0.62222222222222223,715.17340458250817
7c27405cefee2fad79a81a819ca9dbe1,6.0126582278481013,5.2777777777777777,8056.93641010699
7c4bcea05c14431c65ef1d9cfa20ecb1,3.6086956521739131,0.92222222222222228,1196.4053757604081
7c5fb96792b83b784883812522ce7ef1,0.0,1.8666666666666667,2575.7304589063992
7c64b8d49dd5fbe34f44a9b4bae0e7b4,5.6086956521739131,2.8666666666666667,3322.6763490327889
7c8d33cc16246462e046ed084f7428a4,4.2666666666666666,2.8444444444444446,3833.9033190945952
7d8627729a14175b1424153ba46d7acf,2.5316455696202533,2.2222222222222223,2410.7677015884115
7da41cde0e0d0503549eeb7ca5609a9f,3.25,0.43333333333333335,543.19963419488738
7dfa12ce1fc9cc58ec34fd66c75b106b,6.4651162790697674,3.088888888888889,3684.1665271291718
7e335469ce82f86c20d06b06ccfa1da1,2.2875,2.0333333333333332,2429.8738991998162
7ee801015b6ba9dc0aa2687cb28b8361,3.0357142857142856,1.8888888888888888,2620.5832471828
7f4350f4a358ac264ccf3b10c4966afc,0.46153846153846156,0.4,360.40851352601663
7f47fd2db9cfdc30fe46068ad017152b,1.1463414634146341,0.52222222222222225,697.75876304470012
7fbf2f75f4b2a8ec6312b4bbaa6f83a1,0.0,0.8666666666666667,996.62880753226659
7fc97bb967d4380b38e8490aceb85224,7.7142857142857144,4.2,4766.83665175401
7fcca181f46acfa027ea83c7dc70afa9,3.370967741935484,2.3222222222222224,2650.4113772885426
7ff85c5c0e9324e28d1e0d0589c364bd,0.053571428571428568,0.033333333333333333,36.066974254104167
8046a7b32ff00f418c1bb410a67adf68,9.4772727272727266,4.6333333333333337,5357.5054683800236
804ea124edb0d6694aa4a3c9eb22a716,10.325581395348838,4.9333333333333336,5591.6006950483325
80597153cf2bec000612ba2e45a72d91,2.8125,2.5,2864.9516390751878
80cb80668a3c444e3e8962d1c861b9d0,0.74137931034482762,0.4777777777777778,669.73263608059585
80f8e8eb5eac6dd41259ccc73993aff6,0.61702127659574468,0.32222222222222224,447.65549724270414
810c559baf6b5c20dca13b794fb36240,3.5294117647058822,2.6666666666666665,3240.1904747589583
818ce9e1cee09531cb20bdffe3f41256,0.0,1.4,1466.0443329403956
81a65fba6ab7fd7ffa6b18913dac83db,0.0,1.4666666666666666,2533.52213797865
81fe057f033eeba6b1472a8fce5c1fdb,3.4078947368421053,2.8777777777777778,3017.7876800595791
8224c23bca05c2adb3fdf40752eb1b3c,4.9857142857142858,3.8777777777777778,5052.5589586643655
838495eb3f025e512228480eae127522,5.875,0.52222222222222225,482.96807099735423
83a0efd007f4db8f0b7db5753d80fd87,1.736842105263158,0.36666666666666664,360.48523615300832
83ae2db3b59285394e07063a7d0d0512,2.6923076923076925,0.3888888888888889,544.95548844668747
844d41532242b64d8f19774b6b7f1c82,4.9375,3.5111111111111111,3946.0043207069389
844e9be5a30d8d9c1f8e9ddb086ff717,11.402777777777779,9.1222222222222218,10613.890216034819
849726bb431c44a984e5f0f60923a0ff,2.0769230769230771,0.6,716.151859672904
84e1a98ccf46774bc4f5c6374079dc07,3.8181818181818183,0.46666666666666667,453.57914739881659
8506914d35a1146dd602b68a93b5be5a,0.803030303030303,0.58888888888888891,749.23532171780846
850de9129410d40c2875418eb40858b9,8.5333333333333332,4.2666666666666666,4893.4181520867123
85bfeb44e07b0d4e86c637353080289d,8.6041666666666661,4.5888888888888886,6122.8616098371322
86a1dbd33d3ee6d68caa25966a2868a3,9.96551724137931,6.4222222222222225,8435.8214030315812
86f580ee80bb5a54e07595410d624108,1.037037037037037,0.62222222222222223,876.18439705522474
870a394eb5918690ed6e90f50bfa1315,0.0,1.0666666666666667,1340.8252350241462
876e3742e4165313e3be9ca7ff4e41b2,0.47887323943661969,0.37777777777777777,454.83621821802507
87b493b5ff1b807c2320801fcd16ac26,3.9857142857142858,3.1,4289.9677506057524
881527a718b502bacbd04b6f45fcc2fc,2.75,0.48888888888888887,570.554289879696
8902cda459f8ac02c38efb2815cf4026,2.0,0.62222222222222223,730.69764721472075
895c14bfd7d1e2c26aee6938703f32f8,1.4285714285714286,0.33333333333333331,380.85985799967085
8969d175c4676642b245af55d2dba19b,1.9333333333333333,0.32222222222222224,363.65292917341662
89788880a732b675ba9cd9854adcf684,1.0701754385964912,0.67777777777777781,899.70701871642916
89b9947570bc59a6161fb5edea18b852,5.4318181818181817,2.6555555555555554,3354.5424029502442
89dab1d9f815cea34ce3612a6b7c0d51,8.2857142857142865,0.64444444444444449,862.42264586161252
8a64fa582ad5ac3bce95a38756b1875c,10.684210526315789,6.7666666666666666,9071.052005948
8a7d9195606bdc9bd5305f6bb300e1de,0.75,0.66666666666666663,968.59684119740825
8a86bdb56cb975c786e47cb256838ed6,4.1230769230769226,2.9777777777777779,3585.2817888408008
8a965bfa0851de76169b3206709ca943,4.6904761904761907,4.3777777777777782,5160.9797465261408
8b0662c4244f85c5dd7ab46810ca6b04,0.975,0.43333333333333335,611.67273089920423
8b09ef45562214f00e7c11ed16d70dc8,3.6621621621621623,3.0111111111111111,3379.7982299644923
8b688ef44a5b17bd7150350d059e67ea,0.86111111111111116,0.68888888888888888,961.56311723759177
8b87786b3a356550a4708f5ab3768792,0.50793650793650791,0.35555555555555557,490.083842351221
8b9b73cd6d63023caa38dbd25c1042cd,5.2906976744186043,5.0555555555555554,5424.7072304364874
8bda575d26a589024a4e62aeba352f93,4.0,3.911111111111111,4121.8629970414158
8c0d55bf42d242ac86f43c4031d6371f,0.72727272727272729,0.26666666666666666,283.32705929590833
8c38fce0915fbb7d816e19c3ecda64fb,0.47692307692307695,0.34444444444444444,326.67317133024176
8c40d50720fcc5990329f7312d1ad327,0.69354838709677424,0.4777777777777778,739.30314927093332
8c9a890f19a0ab28b745246162e449d7,4.2075471698113205,2.4777777777777779,2797.9314721869578
8cd308e28e213e46e87c9dd9c5aa1466,3.7246376811594204,2.8555555555555556,3762.8849094296752
8d3740598109bb310e6244ecc1971a85,1.0731707317073171,0.48888888888888887,675.74548907812084
8d5a99f2032a336a57222948915edf09,0.8571428571428571,0.66666666666666663,725.86954745797493
8da0796b60fa75a5ced6d1c3bf1f3064,5.3857142857142861,4.1888888888888891,4884.2831645127662
8dbfef11a650dd9658ca0c6f70b84f88,2.7528089887640448,2.7222222222222223,3071.1443543945579
8dc9d28aa6ab0af5dcc98420a9bd65e0,2.265625,1.6111111111111112,1900.4027412906464
8dfea9e24286290d2f59f5b51f00b6c2,1.3333333333333333,0.4,520.40845184418322
8eb2f1fd0858319b86b9e44b64660eb6,0.69620253164556967,0.61111111111111116,929.73563881116252
8ef80bf59ceefb3fef9d41a5c66eff35,6.467741935483871,4.4555555555555557,5676.1685888295742
8f325f86996ff57a0006add6cb623e19,3.0975609756097562,2.8222222222222224,3211.294440594284
905f8007cd46415eba8b9dce088b4395,1.0277777777777777,0.41111111111111109,482.73271148458332
909c5d2434d184ad51f2be3ea294efdc,0.0,0.74444444444444446,832.8856945076667
90a155db6f98de56ed6baaeccb5aafdd,1.5833333333333333,0.42222222222222222,510.94009710592491
91278ab4c7170ed070a5cd653cab3d26,1.3333333333333333,0.44444444444444442,467.52363017433333
914712bea449e20e1cd2e18c269481bf,12.962264150943396,7.6333333333333337,8652.9033163869917
915b7e1b8cdd0e1bf9826e8ae91706b4,1.3125,0.46666666666666667,764.48166701463333
922214b02f8dfbde50e8cdaa187dfd47,3.5681818181818183,3.4888888888888889,4164.8983530050546
93337ec6e89c26ff280f490dc3eb9042,3.7361111111111112,2.9888888888888889,3315.8690142125929
93587c4ead63454c615f4651e2841ba2,4.7179487179487181,4.0888888888888886,4470.5985152142166
938ab6fae3230046f163bf2d5a3cd307,0.0,1.2555555555555555,1384.574037894037
93be171268b14a0586c48cb488bbd5cb,0.0,1.6333333333333333,1904.9983203004003
93fb5779620ce28dea9cb83cbb25ff9b,0.86,0.4777777777777778,819.61940033349151
943db956d9c6ccf01435211d99568f15,7.7671232876712333,6.3,7545.709758346803
944e9726e57e8c379049dba4bdabb05b,3.8059701492537314,2.8333333333333335,3603.9055696732171
94699541835b03d2a18e265299c11213,0.82456140350877194,0.52222222222222225,727.04224014840418
94731f1d1f9180223445e77690aefc03,2.7681159420289854,2.1222222222222222,2249.2914577435045
9494350df132e6748afca3bc5d138dcc,1.0,0.4777777777777778,821.4509916420252
94ab22994e3ee32eb32f515563197296,6.2077922077922079,5.3111111111111109,6343.0601588949821
956942174fc793c4bfb6fffc4b3c1c7b,2.5058823529411764,2.3666666666666667,2446.492252446249
95c1a153c7ec6b5623b8ef298010d2e9,4.5714285714285712,2.4888888888888889,3517.7944305236665
960ac219e96533486685296bf1464e41,0.0,1.6222222222222222,2004.0585489378373
962f9787bc5b8dd06dbc2147c39ae15b,5.3725490196078427,3.0444444444444443,3405.2896461490354
96d7ab03f9156154f6f2144263a85579,4.0,2.8888888888888888,3352.2885268557852
96ea72229bb122e6d231ca6103b3c328,0.0,0.6333333333333333,938.42423143758765
97332a03726c052b1283fdd36dbdeca4,1.6190476190476191,0.37777777777777777,358.89009367159173
9760cb1c8a14d3fcf527631acabee35c,3.5454545454545454,2.1666666666666665,2559.5102713628862
97c0a0888afa9dcadc73386abcacd350,5.2638888888888893,4.2111111111111112,4534.2598531393687
9835cfed2c02bee16b5f0eeac3b4926a,6.875,0.61111111111111116,725.96470182247481
9857a5bc59036a73f9261ea694bc002a,4.8039215686274508,2.7222222222222223,3746.9074674314024
987c2e7dfc9a93697b8dfd030487ff01,5.1904761904761907,3.6333333333333333,4634.235961761513
987f45c1c19d83fcf3295828771c10f7,0.54285714285714282,0.42222222222222222,480.28444044716656
98a7f586f974550506502f52e47700f5,1.5428571428571429,0.6,850.16179519444984
98a878a6fe557bf91236e6fc0413faba,4.46875,3.1777777777777776,4188.8560250626279
99e05511bd051039630e0ee9d311afbc,4.45,2.9666666666666668,3607.3069911538651
99e15cb3381c646df2619a95cf805743,3.5797101449275361,2.7444444444444445,3892.2363193829956
9a2b695c70ad62abcb4323d7e9a4b6cb,2.0434782608695654,0.52222222222222225,588.49992604725014
9a54684a69721c1075c2af5fc077665b,0.97826086956521741,0.5,503.50005828240421
9a575ba0ef2fa36899e6e22e5e1691c3,0.0,1.1222222222222222,1968.3611205285381
9ac5116c46dc8515c0aec6f7153c6440,4.6071428571428568,2.8666666666666667,3567.4810296778332
9b665130b27de44f369a44b2cb752670,1.3846153846153846,0.4,522.9078088386957
9b73a887dab36dc0a53f3308bc278a2e,2.859154929577465,2.2555555555555555,2475.9927084268415
9b7b9829183e266882d4815d95357a1a,2.5555555555555554,0.51111111111111107,577.11321864621664
9c0158ebe58592fdb3d18fb9c4623db7,4.4328358208955221,3.3,4012.9123208372503
9c5835247a252ab6275775341b502f4a,2.67816091954023,2.588888888888889,2966.7166981104956
9c5a3250d9f6e6537b3b076b26ce16cb,3.3720930232558142,3.2222222222222223,3668.4761979644659
9c67faa1ab5de24e6d9c60bf7705f658,3.2439024390243905,2.9555555555555557,3353.7333050450884
9c8968198038d0ce08f8066275480e62,5.2089552238805972,3.8777777777777778,4515.5496744634174
9cb8155c8eac12669e18a89a2971a8d1,3.4393939393939394,2.5222222222222221,3359.0469758267009
9d59581a50c97cf28d30f80cc77dd76c,0.71621621621621623,0.58888888888888891,628.947061730246
9da29e218f6be3ea257d35f98eee1088,5.3833333333333337,3.588888888888889,4333.6911841259416
9dc512e71a0f206687f60b8bfc405050,0.50877192982456143,0.32222222222222224,340.01309142886674
9ded5e80238ea1cb8e923d3f3b03ccd4,0.90697674418604646,0.43333333333333335,461.05494223373324
9e003a96a6aa5a9207530767c2a8b310,2.4615384615384617,0.71111111111111114,923.93568116018776
9e291e9ae23649f498e166278c16344a,0.75324675324675328,0.64444444444444449,933.52653540132917
9e5b47cd6f31b05e75e92a427230ebdc,6.2820512820512819,5.4444444444444446,6723.2539892432642
9e9d4402b1038d103b3add7271d9b8ca,5.5121951219512191,5.0222222222222221,5753.7990187026644
9ebbe10ae57214da77ecc43f6a84caf0,3.3947368421052633,2.8666666666666667,3306.4632930508424
9f1b385dd82b5a43f98660a99747e3cc,6.1896551724137927,3.9888888888888889,5090.9354176208371
9fa4b644d8b6ea510119808c37f22223,6.5,0.43333333333333335,416.50037839743328
a0b52413e2eedcc5ca6f31d53ab1a96c,1.0512820512820513,0.45555555555555555,453.40961161130417
a12d788b7cd01f696bb5ebf28fa739cc,3.4712643678160919,3.3555555555555556,4508.242814385907
a1a2b1b116fad0bfb521da9cf92df2b5,5.3269230769230766,3.0777777777777779,3585.3974141864683
a21d85d9c18b9589f82a618f0531ecac,0.46478873239436619,0.36666666666666664,380.90910015019574
a22aad223462e8196b76f259752ccee4,0.81707317073170727,0.74444444444444446,1169.2710991686627
a2334fdb829cf96fbae920df0cce1587,12.5,0.27777777777777779,290.5015405599375
a29c4a86187e6fbbda006264ec424099,0.0,0.65555555555555556,638.63442012595
a2bdf1915008a135e5ddaf8cf110adf9,9.954545454545455,4.8666666666666663,6369.3086121355245
a2f170312615f7d2d41b80da4d5d7a72,4.822222222222222,2.411111111111111,2865.8627055872175
a324cc0a17ed8b72ef62b06a021224a2,2.8493150684931505,2.3111111111111109,2523.6460928969132
a33de78c73e2b157118fc745e8c2214d,5.0338983050847457,3.3,4524.7154428215563
a3ad990f55a0a9862643b87f6d91f9ee,0.0,0.67777777777777781,1017.306283581529
a3c39ee40d7bb0ab8e49efc44cb6735c,2.5454545454545454,2.4888888888888889,2913.2345326359737
a3e28ae11607ad68dedbc2baff2210e2,1.8125,0.32222222222222224,376.59250334566252
a3e6503d6fd14f55f5a7a7e993c06c0b,5.64,3.1333333333333333,3907.2120271856
a4401d3bb25a651812f6781fcce5df77,10.261538461538462,7.4111111111111114,8899.713414317459
a4463e077e248abcd96b8ee584e7fec5,3.4461538461538463,2.4888888888888889,2851.3816701474252
a533ee906b3e68bcd03e3e2888a844a8,3.2380952380952381,3.0222222222222221,4591.0305192290662
a53de9ae055503d13bbcd6e19c5c311e,7.03125,5.0,5615.4757014132092
a5637a20ede3d6cb3be2d52d17d9174b,3.7294117647058824,3.5222222222222221,4083.072540051161
a60115fe0ec8c0e2d4fb8958a28567f6,0.6470588235294118,0.36666666666666664,382.03981904125419
a632e60ee41d9aab624a6b7fd6269976,7.3050847457627119,4.7888888888888888,6142.65360495192
a6505f04908e487e37c61c2a2a582eaf,0.93617021276595747,0.48888888888888887,566.08362056908732
a69bbe711400a8eaf17206a9d2b4f26a,6.5116279069767442,3.1111111111111112,3688.0128596811383
a6fe0a06612bc9d9fd3f7dc1fd9615f0,4.0526315789473681,3.4222222222222221,3989.773494420479
a741036dcc0164fabc9155e11816f7c3,3.7857142857142856,2.3555555555555556,2730.8974508138008
a746873c2f5431e9ac8e12c47a104115,3.2253521126760565,2.5444444444444443,3094.3617451022969
a7638b7beea5715330ac956372522b07,1.3928571428571428,0.43333333333333335,423.88237908574985
a76932dd44cd18504239ca648e9bcde8,0.0,1.6666666666666667,2005.8139648699425
a7ae2d9768b3eddb584395f2d984b3a2,7.5151515151515156,5.5111111111111111,6366.2633411604747
a7fa04a6b4111cac92989ac266ec40d2,2.0,0.66666666666666663,779.4807076132164
a84478867f4a6fb6450da1cb47458308,6.6860465116279073,6.3888888888888893,7462.6241047272906
a854b4bcf206030120913620bc664396,5.8474576271186445,3.8333333333333335,4175.6105493096811
a8bf411134a27779046e2f7ed3b2e1cf,0.58333333333333337,0.3888888888888889,558.94288959308744
a909251d04212c2b8d369aa619c13ddf,1.3513513513513513,0.55555555555555558,673.09478259326681
a95c73a18090636ec3a8033e8a6034c5,5.931034482758621,3.8222222222222224,4239.9498954643341
a9af04859e568ded6758279d805c56e8,8.90566037735849,5.2444444444444445,6339.6060927311255
a9dc82f0789aee809c81669dc768ced0,6.3797468354430382,5.6,7670.2470884165077
aab4ab866a771d21006a07cfff585eff,5.9772727272727275,2.9222222222222221,3548.5641900922706
ab76a5e04d9126c2070bf84ac419f80e,0.93333333333333335,0.46666666666666667,555.76226115512918
abc63585621a8cc49099bc9dde677f27,12.836363636363636,7.8444444444444441,9359.7547364938564
ac3c378542ada7cfedc24720ef9e3273,1.46875,0.52222222222222225,592.43765745387918
ac51126328b559dd3872766d2455bba0,1.475,0.65555555555555556,802.2424712472374
ac986e2a577103efe48b23cd17a4b6ed,1.2,0.46666666666666667,542.04109897820831
acd5d321f5a7e35ccc3bf80a2c744c36,4.5074626865671643,3.3555555555555556,4512.512062826293
acd7dc6118befb6724aa3752d1cdbea1,2.6923076923076925,0.77777777777777779,1292.4374841830249
ace64b24a38208dc0712bc65314027ac,4.3478260869565215,2.2222222222222223,2519.8039850262307
acedcaee665d04c791bff1bf848af3a0,3.7692307692307692,2.1777777777777776,2953.5613033043555
ad6a8aef632e7684c3b1e1e9dc0f7d23,11.5,0.51111111111111107,829.23863150170428
add2977c3e55ba8475f60054a75a8b14,4.5,0.5,790.77919714384166
ae08f3a379c6069211342d448f74b606,4.1969696969696972,3.0777777777777779,3294.2006924768334
aeda204ee39ccc79f22fe31ed73882ad,3.0,0.43333333333333335,440.12946532604172
aee6c0de9d4b4e14d92bce9e4a352748,0.0,1.1777777777777778,1399.3140543367
af39ba3a5cfaddc35f3c1f92bd860ca9,6.1641791044776122,4.5888888888888886,5295.8419566193461
af452fac966efa9d089953c99045bb20,11.707692307692307,8.4555555555555557,9711.6049845757916
af4bae4a0b7a75194dbd4951c78bb98a,2.1666666666666665,0.28888888888888886,419.8042501737458
af74473d8f38c0c3e8cba5b72f747281,0.83333333333333337,0.66666666666666663,834.16762689201664
af8cad352c24bda90b2a5d07e1049181,10.673913043478262,5.4555555555555557,6867.293158214452
afb63eff111f81c66cc01a5c9f64f2a2,10.28,5.7111111111111112,7099.4679082895764
afc352444f34fc17d988c3fdf916756b,1.4482758620689655,0.46666666666666667,541.42208240259174
afc7a3f83a5e5cc87136bceacceed8af,8.3555555555555561,4.177777777777778,5880.7200849002593
b0b60bc559f123caa41ae1e002243c3c,6.1590909090909092,3.0111111111111111,3464.2011057499171
b13f722977cced9ee6d2ad25e8761583,5.2954545454545459,2.588888888888889,2944.5948235727174
b14d2355eb3b7daf6b07c44a31fb23d4,0.975609756097561,0.44444444444444442,455.78794086094172
b1adb42b262bed41aeab28e9f6e93633,9.5952380952380949,4.4777777777777779,5370.6850511353614
b2b3c6614a4a317bdfb7a57ae8a1687d,1.1363636363636365,0.55555555555555558,638.89613681284584
b2d3f2fb171a12cac427107690c10089,1.4375,0.51111111111111107,814.45233882036678
b45ebe1ccfcb6c672d19e6ba4a546bf3,0.0,1.2777777777777777,1415.3922092267169
b508b23b0c53f5e3ee71562e531a3a25,5.7540983606557381,3.9,5094.1786404053209
b5275d250226cf29df0164d0f62d5ba7,6.5975609756097562,6.0111111111111111,6756.3321992049969
b572ff3bea0c3095a3a5d24db765dd42,1.2,0.46666666666666667,485.53327524915
b5b10e1d4132c7c1155f88aa00b9a5c5,10.60377358490566,6.2444444444444445,7587.5553343557649
b5b1d33f7a438b13f85fcc46cc248578,0.66666666666666663,0.48888888888888887,623.10314981097076
b5d89a7f152103c9fc981e3990e9fc86,5.26984126984127,3.6888888888888891,4071.9895892526183
b66734bd849ac838a9c0830878837979,4.3384615384615381,3.1333333333333333,3868.2822436830284
b66b0833b679faefba66e3f1b9eb579b,0.5714285714285714,0.48888888888888887,519.69822963435411
b6b8068eea005094bf1eeab9c35c9c11,5.5555555555555554,4.4444444444444446,5576.6453397702235
b6c8c21a45ce574430158f6230d9e254,4.75,2.3222222222222224,2661.8476658066834
b6ec72d2f14dcc90a4e7fd25bd12e9a7,10.25925925925926,6.1555555555555559,7853.3031121469594
b75fb275f65a39b9ae038a7593d91fcb,5.35,3.5666666666666669,3967.1106434953649
b794fc307d1309b3405361f9ea4e8b1b,0.0,0.58888888888888891,676.15013854544168
b7b0b507d966d1e1735ecaaf0c3ed5b6,7.9655172413793105,5.1333333333333337,6812.7097535823868
b7bd34f3d587ea950dabfd4ac7781f2f,4.8181818181818183,4.7111111111111112,5738.4087994271358
b7de2b55859abf8fb49bf393a5a2816a,7.25,4.1888888888888891,6050.1834752522036
b7fbf53260861a5a9022b709abe4d584,7.3134328358208958,5.4444444444444446,6163.0693731210149
b8df3a1ffca045016321353536ac86cf,9.25,0.41111111111111109,415.37150004324997
b93ff367c79f79437eb5b70dc00a33bb,3.12,2.6,3277.646362824345
b972617c1e490250b2dbcd3353fd436b,0.4,0.31111111111111112,339.15385197239164
b97fd5240666a3c3ded13df9f73ca71d,0.75510204081632648,0.41111111111111109,622.2501569952417
b9912d7f760895a9a5f9e046a70e7d8e,2.2,0.36666666666666664,532.30746671802081
b9926f42a5fd6cc0c455fe59a21961ab,6.8,3.4,5128.0804399257631
ba3a4161ca111c8a2d39a1f1bffd3557,5.46969696969697,4.0111111111111111,5184.12674561651
ba5185bc3765e91878ea56a67f156acb,1.2142857142857142,0.56666666666666665,756.526541313604
ba78525b3444a3714174f4734720996a,3.725806451612903,2.5666666666666669,3533.3907179154853
bb2984ebd891be82156fff038a85aafa,0.77272727272727271,0.37777777777777777,433.87469623264167
bb2993a27d213c0eefab695ef0214fa9,0.896551724137931,0.57777777777777772,774.47949642903336
bc8249da3b109151438a85d49300dd0f,3.7301587301587302,2.6111111111111112,3083.3643339331561
bd057e02f75c92917389d90bb215fe91,27.0,0.3,258.64573177888752
bd2433d45fc8dcd1c1d01d9c20ca357b,2.7125,2.411111111111111,3148.2927741370754
bd26a8a5910f6c87aed2fcce32782fae,2.6666666666666665,0.35555555555555557,352.47195155863324
bd2cf0eb59f96babbb13b724d8d77b12,3.75,3.0,3720.7129239795031
bd34a715eef595600ffb4f683ca04e64,5.3902439024390247,4.9111111111111114,5420.4328466262077
bd5cea890904311cd874773b13255406,0.6,0.33333333333333331,415.90287224540009
bd9366761825d97d4c79c2c61638318b,2.5930232558139537,2.4777777777777779,2652.5048913391875
bdca40c895def7985563060c5dcbd0ca,1.5769230769230769,0.45555555555555555,713.74353739799574
bde37c58877c64b6ce4b309dc2154bad,1.7142857142857142,0.4,452.5056225469167
be22fe5992cb9557d7748113ea1f6057,1.5454545454545454,0.37777777777777777,563.07644569404988
be34f66b259b110d8908297419741202,1.0833333333333333,0.57777777777777772,672.47417290086264
bf0a8a6ddc179a9466082343c5862904,1.8333333333333333,0.73333333333333328,779.26295784062529
bf2693c5774a77e478e418119be97c5c,1.9285714285714286,0.3,368.82971717760836
bf87c4b14479e823c1ce554606f6fdd6,4.1142857142857139,3.2,3648.5392222070095
c0640121b56458ccc0d2892067bc463b,5.9571428571428573,4.6333333333333337,5963.9037386901564
c07499b5a6f1090f2fb263ec6ac0660c,7.2325581395348841,6.9111111111111114,10012.712173923661
c12c2eb875879488e687111335a12805,5.2159090909090908,5.1,9321.5440680222982
c1909690dc34d322b9483c10cb1a533a,4.8148148148148149,2.8888888888888888,3594.048702095316
c1d662bc81ade6c9a1ec161b3076b27e,5.786516853932584,5.7222222222222223,6371.9965228310321
c1e9b11fb4591a922e98ed4c46063b6a,9.11111111111111,4.5555555555555554,5553.0315859795783
c284230ecd0f82b79b99e8326bc62c6b,2.6075949367088609,2.2888888888888888,2600.4849588011461
c2e123c15f4adcc7edf268069640bf82,0.0,1.211111111111111,1669.6527291219286
c468a648519cd42da75e6aa9dadf733e,4.1162790697674421,3.9333333333333331,4409.5614012131227
c56b62b863a81370827e04d2c0a669a8,0.94736842105263153,0.6,845.93082319608322
c5f1c362617932134aaf950f537061d4,3.8,1.9,2606.7036053887919
c64e642876910be4a1f0b57404dc9710,0.0,1.4,1498.56359066747
c6ea9e05de9e221aed059ccc8ad5f6bb,3.12,2.6,3067.4777790642474
c7de222dc1b99eddaa9a665687b94dc3,0.828125,0.58888888888888891,709.41500129696658
c7fa83cac784c0f6225cfe30bb96572b,3.4166666666666665,0.45555555555555555,550.16658688655411
c826130d392023b4c535431e2616e88b,0.589041095890411,0.4777777777777778,505.35140165202506
c8932c12e8ac6691d5c7c27ba8ecb967,4.9850746268656714,3.7111111111111112,4399.0727054990775
c8b0c99b2c6537769427fe4eec396e55,3.0625,2.1777777777777776,2520.0474788067168
c8f03786f7e1b205a9d38722fc3651e6,7.4390243902439028,6.7777777777777777,7362.5549268943
c95b96b3d38fbf45da2bc43db49861c5,6.602739726027397,5.3555555555555552,6756.9894387026588
c95f5d4bedbea37cf208fc3e70e7e75e,2.948051948051948,2.5222222222222221,2930.08259978582
c97e3d0c075030df5478bf3e679f97bd,5.3921568627450984,3.0555555555555554,4269.4507035210781
c97fa24cacdc7b092c81d9556d4a3aab,4.53030303030303,3.3222222222222224,4180.7012908169118
c9b9fc54bf7c8edcbe35b1091f38cf0f,1.2608695652173914,0.64444444444444449,1146.8885297939999
cacd66f64a54dca26e17f19a6344c369,1.0606060606060606,0.77777777777777779,1245.3523568996206
cad3107b4ec2400c662cd8eab4e20026,2.6986301369863015,2.1888888888888891,2617.361006934404
cada138c65391fd98c1835e5c518397d,0.0,0.72222222222222221,690.95151302499551
cae89a5674ccf4bb1a78708926697f8b,4.2444444444444445,2.1222222222222222,2374.1652933868959
cb5ecf234f7492c867bfa875a2c677b5,0.50649350649350644,0.43333333333333335,447.63862271165829
cbba49117a03fd2f578022eab904dced,5.6438356164383565,4.5777777777777775,5692.8045911821955
cc2186bc2bd14948eb9b490d14fcd686,4.9090909090909092,0.6,670.43836955851657
cc5b9b32417adab54115cc8eabc5695d,0.66666666666666663,0.37777777777777777,429.35570840763756
ccf0631bc6ad481b3d7becb69564f61b,2.1875,0.3888888888888889,612.05871276822927
cd970d2e7d3034e5946e71db0b4869c5,7.0886075949367084,6.2222222222222223,7308.66342953899
cdab4b0c1ece5d2bc1d671ef6bf21382,0.65116279069767447,0.31111111111111112,317.51281186662914
cdca9a75635698b016fdb75f95f561c0,4.52054794520548,3.6666666666666665,4166.2247879939578
cdfff0fd9f4511931eff58f549fffc12,6.675,5.9333333333333336,6908.0748622800656
ce577ac73e9022772835abf8d37e91d5,5.3,0.58888888888888891,571.60637331756266
ce5b4b1624afd0dd514e8997a2a1ff1d,1.9375,0.34444444444444444,503.69516329520411
cea2a4389f823240e8dfbc3ea95e42f0,0.46268656716417911,0.34444444444444444,431.28392003975836
cf27028c2fe4a9fe00795d0d4dd23a18,8.9746835443037973,7.8777777777777782,8462.1552530878489
cf6f95dab8e87ebc3405e8b6fc02137e,4.9821428571428568,3.1,4185.77294363952
cfa62004631bfdbb0d9f842d69cc502d,4.0270270270270272,3.3111111111111109,3733.1624995463349
cfa9233eafdbccac8d2a864b0df390d4,1.0,0.3,381.85765297475007
d093196b2758f39a4548faed9e365d89,6.9807692307692308,4.0333333333333332,6049.4324009964712
d0f374c7d36c93ba0772626d4c4e6f7a,6.6022727272727275,6.4555555555555557,7634.5392076305061
d10939533de03edcee8fb76f154ec7dd,0.0,1.0888888888888888,1193.7490986066293
d1576672b9ddf17e405ad295e66048ba,1.45,0.32222222222222224,346.35582363652492
d1b2185245eeac47821e98471c915947,1.358974358974359,0.58888888888888891,731.7890402799
d24b6bd5ea3a12b2b58fb61a02cf2033,0.0,1.1222222222222222,1330.8293026883339
d27b078b9f801a979bda2687ef91159a,3.9117647058823528,2.9555555555555557,3293.6714272893123
d28f88b9d68ac9a2c0586728bdc91bcf,0.68354430379746833,0.6,717.553900701125
d2fe91351bb890ca8ea9b76201b05964,1.8695652173913044,0.4777777777777778,675.04281058859988
d3121b735af2bb94568c8070aaf05110,3.2195121951219514,2.9333333333333331,3124.1005697447672
d31eded9263eab43f614eecc6a52a0f5,0.39583333333333331,0.21111111111111111,210.47504705157496
d34ffb8bf5e81e6f07230ca894e05056,0.0,0.52222222222222225,569.45983721170012
d3c733b0600efac9cb697d6cd63632d0,0.0,0.61111111111111116,675.1131166698583
d42d0642a28cb2d7415bc7176fdfcb9c,2.547945205479452,2.0666666666666669,2577.3829795452248
d4468a149e2744ff72d5d15ada286abb,0.0,0.64444444444444449,684.54140023631214
d46c4b19c19ee6403fd41ec273433e1b,0.0,0.61111111111111116,700.00298172817918
d4867a7af060ee2a814c6be63b48473a,5.0149253731343286,3.7333333333333334,4246.6267545128276
d499ea144d46d394e7ece7dc53e9fd41,3.1704545454545454,3.1,3768.7615561036996
d4aa396834f13300174eabfaf0b40b50,1.2972972972972974,0.53333333333333333,598.28789858369157
d4eaaf54bb4d9446ec26ce36f33ef94f,4.2272727272727275,1.0333333333333334,1380.9517916795417
d500e63eb4adbab2fb34140565ae4d20,3.0789473684210527,2.6,3495.9968526921807
d54674169d8b98851d54d79405c5d261,4.6746987951807233,4.3111111111111109,5537.5329445149
d58da3a308969a240b92f7321d1a435a,0.0,0.81111111111111112,961.60110470093343
d60d9f944d86cc7539bb6b7a11646149,2.8076923076923075,2.4333333333333331,2739.6808963982166
d6277e6596f855c87627312e947e4f9c,5.8947368421052628,4.9777777777777779,7337.8070413061632
d6758947058995dbeeabc5e812c00cea,4.5192307692307692,2.6111111111111112,4053.8480376511484
d74e4db8b87331ddc69fabacbb2d6219,0.0,0.9555555555555556,1411.721741597059
d787d7b7e3798edd7498b9cbd9b59206,5.75,0.51111111111111107,535.98389028481245
d7ae05b007ca320a0d1fb128ccced638,4.2105263157894735,2.6666666666666665,3270.0886502510539
d7e035984d4fba2d14bc37f1992a061f,3.5454545454545454,0.43333333333333335,546.52023386011251
d7ecbe31d65faefa7c5314baafd6c4ce,3.0810810810810811,2.5333333333333332,2786.038231406767
d876df0212e45f5a630b89f5a04532fa,1.9285714285714286,0.3,272.95229654291245
d952de85df73349f0280fbb2345148ae,1.6551724137931034,0.53333333333333333,651.77565992293751
d967f5296732fa55266b5f1314e7447b,5.6025641025641022,4.8555555555555552,6116.7803781582343
d9b4803fb9c57a061205f7376aed60a5,1.2558139534883721,0.6,1054.8797878501248
d9ef4b835e202c9b24315b999894362a,0.8571428571428571,0.53333333333333333,1243.2702120810663
da2cb240a26a6b4352736b28c818e16c,0.0,1.8222222222222222,2044.1955479624203
da3325f424c71942ca8a3401615a0e6c,0.4,0.24444444444444444,237.36962472032496
da436a25d31e42fa12c800bacf3d8032,10.0,0.55555555555555558,573.76739799125414
da8f13b0ebc53fe1147d982f087b5806,0.86,0.4777777777777778,640.966242019779
da984ad859c4b4349544b580d532ec5a,0.0,1.6555555555555554,1951.2942362055294
daddf0bdb8874309dd07bd9d91396166,0.51923076923076927,0.3,323.70974982313322
dae249fc394c9bdf02f7d8bb1ff55733,0.8571428571428571,0.66666666666666663,1066.1785199889623
db63522a6a88af9b817df48e3f6bad15,9.6170212765957448,5.0222222222222221,6349.0407495953559
db7c0ac33a29d594d031b1165ae3203e,0.0,0.71111111111111114,774.6303261493083
db9cf75a3edf5b1d38fdf560682cec48,3.725,3.3111111111111109,3907.0435688663174
dc39121d4440ef9d34bb2cfac0f1bf2f,3.7790697674418605,3.6111111111111112,4113.4817648605876
dc5fe88ac0b99e77e8630795cfc16981,5.095890410958904,4.1333333333333337,5261.9666019410433
dc9a5809e396367a5a0767ac9226a64f,2.2666666666666666,0.37777777777777777,456.63391928974579
dca7c0d776c64df418bf3b63756927c2,3.8666666666666667,0.64444444444444449,713.56635532912514
dccfed81fccb496e10c26074253a1330,3.2435897435897436,2.8111111111111109,3593.9948138337904
dddf432269175b67f5d9c55c3b36bdef,5.2888888888888888,2.6444444444444444,3357.3937684136445
ddee9dcc776c7b87e68628ffa0f99dc7,0.93617021276595747,0.48888888888888887,642.3562533759
ddf9fad53fff9a2f2ded181e1144b47f,2.4666666666666668,0.41111111111111109,398.87321605384989
de0746635475c2be3d26489184659460,6.3043478260869561,3.2222222222222223,4282.2731409079133
de5fed97bda5c8aeca0d5c6a47f2deec,3.3142857142857145,2.5777777777777779,3334.3262516135346
de9e048c789a0ddc487baae5929f51f9,3.4197530864197532,3.0777777777777779,3309.8036368139765
ded0963ff2f6582b382b72de6f123a08,5.3428571428571425,4.1555555555555559,4549.554351308996
df11122e91571fcd91143da33fd3542a,2.3571428571428572,0.36666666666666664,486.41640093144588
df9ab418e87b21319bdfe389a4552e08,9.7380952380952372,4.5444444444444443,5452.1418174031978
dfe29c1db80f470f4fa8046bc7e5d8a0,0.9464285714285714,0.58888888888888891,677.59703189916672
e02f0f208e1f02b7672ff2ed8bd1bcd3,3.8030303030303032,2.7888888888888888,3348.7881064112585
e0449ff246754057062a6331c7a7b661,0.6376811594202898,0.48888888888888887,595.3224163519501
e0493acb44c53e68e3c3aca626cd466b,1.76,0.48888888888888887,600.1878410395874
e065a88039052c0f4e552886fab4d99f,3.393939393939394,2.4888888888888889,2959.1379415659439
e08a1154c61bfa0adb7a029eed7df122,2.0952380952380953,0.48888888888888887,804.09046383359555
e0a98706329350c48ea450d1705bdd86,6.072289156626506,5.6,6392.6821666825954
e0e3594e7d43742458a79799c7a5dd6c,2.9390243902439024,2.6777777777777776,3224.8079764059034
e0e76adfaac64932530b49127890139c,4.3448275862068968,4.2,4774.59494588134
e11f7f6ff4ab937734f12cb191e6e802,0.0,1.4888888888888889,1938.950534943433
e121472f6b4dd372dfceb87c7e30cbac,0.79166666666666663,0.42222222222222222,525.86486111177089
e127911975277f6b07fb2521647e1031,0.0,0.65555555555555556,869.51557066099156
e1970a13e4fbb03fee21f66f7a97f5eb,3.8461538461538463,2.7777777777777777,3051.0738504230576
e1b7e1ea030de78f88501a832cb007b2,4.60377358490566,2.7111111111111112,3093.7066184417349
e1d2df8059744cac678fbdc113e9e697,3.1176470588235294,0.58888888888888891,694.57920000219985
e225e4363d4ef824640866378d49a878,3.9836065573770494,2.7,4201.5199845201214
e246b5012a29db02ad24ce4b7e332b9b,0.56603773584905659,0.33333333333333331,300.75629554872086
e253f0cb570353173a73119dcc0e54d2,6.9130434782608692,3.5333333333333332,5012.5405370970257
e26a411f427d8387e1244ece6053c940,0.84848484848484851,0.62222222222222223,905.16905057335839
e2a1e26496e225c524183089daf75c3a,0.0,0.65555555555555556,721.93873635713737
e2dc374288c7edd10ce6647a8e6ae548,0.47297297297297297,0.3888888888888889,525.04674308002507
e31ae4a7e10b56e18f3f988fe48acbcb,2.611764705882353,2.4666666666666668,3037.4144706598545
e3306c36e5fe929405591869e0ee98d5,0.36507936507936506,0.25555555555555554,377.4967796873625
e33e7bd3f983ccbc3014e3689b1062f7,1.5172413793103448,0.48888888888888887,506.12638535289159
e35d490b495edf857a448653e036bd44,2.4285714285714284,0.37777777777777777,419.66840779784172
e38156350137c3a0df6b4b43c002ce0b,4.435483870967742,3.0555555555555554,5469.5691738710575
e4038e6006053cadf0bb2f8795e6c9eb,3.2698412698412698,2.2888888888888888,2439.4941484136584
e45936982498bfe7a8fcfef62bf1edc8,0.0,0.62222222222222223,651.74948821837086
e4f3a9d5cf57b9b518136afd9757f76d,10.666666666666666,0.35555555555555557,285.28967474633748
e58dab18de6e4134d8b232e57ce1d86e,5.8510638297872344,3.0555555555555554,3695.5174205047265
e610084768b3d8313be3a7dd22e5e5e7,2.3684210526315788,0.5,542.10157670812077
e61357801b8cc7a4b40cf736e6890972,12.777777777777779,6.3888888888888893,6891.5026599786943
e64f09e2fba9abd0daf0668bbcd7ae97,0.6607142857142857,0.41111111111111109,545.94872724471259
e67fc482899bea76fa32d6274607140d,0.78,0.43333333333333335,617.64917530202911
e680a2b4ece6a7010a4451601d73aa62,0.0,0.92222222222222228,1728.8843305832
e72a4e847306ddfd0540d630c79b33e4,2.1428571428571428,0.33333333333333331,404.7198832407459
e7577eb70009e856eef044a8545703e9,0.0,1.5555555555555556,1829.0848990192126
e76529a86a5efc221a88a6c91a75ea59,4.1617647058823533,3.1444444444444444,3574.688428745756
e8b60c6f666907603bb5d70aa8cc6c80,10.183673469387756,5.5444444444444443,6278.577139913361
e8d73d55baeb522ef8843cb54cd08df0,2.835294117647059,2.6777777777777776,3342.0526031767372
e8efeab7179493aca6effda3bf21833e,3.3571428571428572,2.088888888888889,2369.6309019376749
e91240606aaab23860bfba718c858d30,5.4444444444444446,2.7222222222222223,2970.145929118306
e9555a277c135c402a14d12b819de1aa,1.9814814814814814,1.1888888888888889,1303.1976038849293
e9651415a968663e49b62c29e5d89137,3.2054794520547945,2.6,2765.7683955812836
ea1f8d9a6f34043a8e8a3f78dbda7f9a,3.3,2.5666666666666669,2737.2313662701035
ea71f79a86672486e018deeb47a545ec,0.0,0.8,1225.9029283638538
eb48fcd046d9d869a6c6eccd90392480,3.734375,2.6555555555555554,3236.4807811071373
ec1637dbd16bb38ec0b5a93c14373364,1.0,0.64444444444444449,931.07886519819169
ec27575c98217627a852f24fe4233e5d,2.375,1.2666666666666666,1307.8721533160456
ec78920915122cbe500fcb475a8fb5d3,7.0612244897959187,3.8444444444444446,4402.5827173990992
ec91bf40df64a813b83c67f46118de37,5.2950819672131146,3.588888888888889,5231.3965092244225
ed0c7d2a0d5f60d527c0c3643495ddca,1.9333333333333333,0.64444444444444449,915.93564653251667
ed1aeb39f5da7d42d10a92653319b951,3.0555555555555554,2.4444444444444446,2681.7909491390378
edc891e47623366a2aaa2b1a32ae1fa1,1.0,0.78888888888888886,1048.1880643171583
edca8abe7dd3a699bde27f9241e73dda,0.72972972972972971,0.3,348.80989387050414
ee8b2edb7ef82ae69ccc57bba1889a40,7.4814814814814818,6.7333333333333334,7852.1623935691614
eeb00fe9de3e348006f6f7128e6cf4e3,2.9885057471264367,2.8888888888888888,3561.4168009383611
eece82fe623b4bb335a9b9e20eb0ca54,6.3898305084745761,4.1888888888888891,4850.958643624087
eedb2d3b82cd4276804c339cae45fef4,3.5384615384615383,2.5555555555555554,3134.000246052185
eef12344364d2a2e1e2d581287cf9cd8,4.0128205128205128,3.4777777777777779,4426.5060729449324
eef2e2ad223c5c824565b3d98086e7fc,5.481012658227848,4.8111111111111109,5535.7635159509055
ef3970fc96947901f21cb6dff853b8a8,6.8235294117647056,3.8666666666666667,4645.7974773563219
ef3e90cd957439dcf1a2afcfc4b0cad7,8.3278688524590159,5.6444444444444448,6557.7158682284244
f0124196d19be156b58f64700fdac7e0,8.2121212121212128,6.0222222222222221,7356.5787776291627
f06398053a230bf914041eb897dc8d62,4.083333333333333,0.5444444444444444,643.3089864607208
f0df79d10df44f18742682108b17f60a,0.29545454545454547,0.28888888888888886,393.68371764626249
f11a3563481c7bad15284e092daeb35f,0.0,1.1,1481.7051863154245
f129b4923a3e5d5f676a592a8e4b7efd,0.81818181818181823,0.5,559.20124132043316
f14169430d2a1ccb92266e8fb27b5bb7,4.253333333333333,3.5444444444444443,4285.1879828378878
f17cfca756365f6863a241ea96ab9f75,4.042253521126761,3.1888888888888891,4138.3021580322211
f193cf4d5de76b20688d759ea7c66312,10.425925925925926,6.2555555555555555,7161.805634878252
f1a2419d56c2a09edf4030caeebeb5b6,1.3333333333333333,0.35555555555555557,412.01171923150838
f1b4411717c78f67380366c2a16a4d1e,1.3666666666666667,0.45555555555555555,514.0686419509417
f2a9db857bbd5fe385ed59d8f2e89621,5.1147540983606561,3.4666666666666668,4114.0592721566227
f361a3fa16afe27881749786b103ae25,0.0,0.78888888888888886,766.6891608328375
f395649fb47860aebc4817c7a6ea90e6,1.0217391304347827,0.52222222222222225,605.80037905633765
f467b8de5a37d9a818c0cbb557089c55,0.76315789473684215,0.32222222222222224,663.33837870652917
f4b761ebd4f310f03e5e7f79b925ef4f,7.884615384615385,4.5555555555555554,5831.3580566947039
f54b6feed73d306d44d8fba250bafea8,5.2345679012345681,4.7111111111111112,5214.2997881791471
f5efba2f8019f9eff955fa20312d0639,2.4935064935064934,2.1333333333333333,2570.6753055058548
f696de645de36b56677457d2d3136524,0.50877192982456143,0.32222222222222224,423.67746959565
f758703e18f588f2370783f8b779e664,1.0,0.34444444444444444,390.96676797335829
f7858e1e354a9fa26b3055bc12a4ee5b,6.4848484848484844,4.7555555555555555,6027.2934332877694
f86eb77e1cefe28e9f0e9d3775fae261,0.57471264367816088,0.55555555555555558,668.42510258835443
f91254f1c1b3112ef3464e477d23c9e8,0.82857142857142863,0.32222222222222224,434.92462422989996
f98673773627b4b8d152e2b168b85bb2,1.0,0.3888888888888889,577.51310086538331
f9aa6d69d74e786544027a1ab3049f44,6.8965517241379306,4.4444444444444446,5191.2356446525228
fac81ea6cbd540c89c7eee17e851a233,1.4285714285714286,0.55555555555555558,542.22776870692917
faebff3d5429ff2036c125a91df765c8,1.7142857142857142,0.53333333333333333,590.7882809897626
fb83fc6555a4f700fd92630d9fcb9cea,1.7241379310344827,0.55555555555555558,865.00320847488751
fb903879c556260ae2604ae0c45cb92a,4.541666666666667,2.4222222222222221,3519.9926129912774
fba8372d56b91b1bff7b71d970b5af58,1.4067796610169492,0.92222222222222228,1247.3922357606082
fbe0433e5b1a3db9dc9d6ed21efc6148,1.0238095238095237,0.4777777777777778,754.32552784093753
fc3504d2efaaaa976a33b3c856927155,3.4603174603174605,2.4222222222222221,3368.1988632003208
fc83b793850ea70d9e898afd0b3ef592,3.4027777777777777,2.7222222222222223,3524.3195774287738
fd2130d0d215069168dc2f79c1f5ae44,4.1898734177215191,3.6777777777777776,4416.9895943591737
fd39748ba122e84e9ac492e6fb7c7a05,4.6142857142857139,3.588888888888889,4046.4623292206479
fd831ca1d79ae5c6fc3a679a22e5b8cf,1.1875,0.21111111111111111,198.87036988618337
fda96e6cd3395dfae3e59cd4ac95f7d7,3.4912280701754388,2.2111111111111112,3054.3127309659326
fdbee494c73577d5b1266d1fec5c6c9a,1.7407407407407407,0.52222222222222225,647.67173555656257
fde60697758e68d617f471e49f65db75,6.4,0.35555555555555557,441.20773546126242
fdff1a7205bc3b9ab1dc5dc223782fc5,5.9883720930232558,5.7222222222222223,6489.7079700567665
fe35f74209d1056dd315ddb17681203d,5.2098765432098766,4.6888888888888891,5041.5659139877735
fe469488a23d4bdda47b83a659dcc103,4.070422535211268,3.2111111111111112,3565.8415729434278
fed19d671569afe8a2f9fa0953dd25ca,1.2692307692307692,0.36666666666666664,463.6285376196833
ff1bb46e6b61766f4c7b9abd0a4ef9ac,0.0,1.6444444444444444,2011.5072908425914
ff419a3476e21e269e340b5f1f05414e,3.9672131147540983,2.6888888888888891,3538.373294261638
ff45a18cae7bed6538847cb36e2a3975,0.0,0.74444444444444446,929.09756771739137
ff714a67ba8c6a108261cd81e3b77f3a,5.9876543209876543,5.3888888888888893,6287.36198011892
fff482c704d36a1afe8b8978d5486283,1.0294117647058822,0.3888888888888889,380.66105357109586
fffecccc49436c5389075b13209f0dfa,7.96078431372549,4.5111111111111111,6052.1423744224048
ffff51a71f2f185ec5e97d59dbcd7a78,6.2264150943396226,3.6666666666666665,4581.140627915941