driver_id,days_since_last_drive,ride_freq_during_active,earnings_per_active_day
01788cf817698fe68eaecd7eb18b2f72,91,0.0,0.0
133faf644d5cfee9460b87eea4367f92,91,0.0,0.0
13fe6713788e9b63f57950320f260512,91,0.0,0.0
146cd888491dd0f348575244f5bbc24e,91,0.0,0.0
1585fa96f0818e8f4d1cf826b332fda4,91,0.0,0.0
1e9b964b3e3d0289794289579269247a,91,0.0,0.0
268e15733721c4f3c10d9942e85a4859,91,0.0,0.0
2736701b1fff80dc6ec8618309c76813,91,0.0,0.0
28083e35d199d29c2a88502329af5f6d,91,0.0,0.0
28a396a3e1793b64046aaaf8345604ec,91,0.0,0.0
2f331eb33f5d186bdcfb8cd8e2eb1349,91,0.0,0.0
304fecb59756fb1d76c37ab927293da0,91,0.0,0.0
339a64370e18200c78fa15487f688c74,91,0.0,0.0
352a72ac75c8886f94894f0cd77ef75d,91,0.0,0.0
39b23365604d2633d74192b7131d6f67,91,0.0,0.0
3a1e17213c1fda2fc6126425e8721a6d,91,0.0,0.0
3dc5080a4b9299fbf31479ea751d562b,91,0.0,0.0
453f29877d452cbb3e0df4922a816316,91,0.0,0.0
4856b892095f3afe8607a5ba0121b7b8,91,0.0,0.0
4c17ad0240c5e0342da52b55a3c64a49,91,0.0,0.0
4c50a69869b14c84b1fd77ddeb7b0962,91,0.0,0.0
4e4d07bdf390e67b633e62d3eaabd3dc,91,0.0,0.0
4f67a5d1152cd3f9f889d61779c27153,91,0.0,0.0
52b193144c088d3aaf82dee6c4625155,91,0.0,0.0
557b608dc1196be486e4928b62098895,91,0.0,0.0
55b69c895ca72127d05a48035328b345,91,0.0,0.0
5724816548576c2ccfcbd3d9d5072d23,91,0.0,0.0
5785f300b54051f8791ab00c424416a3,91,0.0,0.0
5dca331aca1913f495071f3352fed0a2,91,0.0,0.0
61e12b63003cde2efb3d1068853915d4,91,0.0,0.0
64a4b6ed93e79d83422e5cfef3a1d01f,91,0.0,0.0
64c401a44c495c2adcc834a3db3de11f,91,0.0,0.0
67b153d9a373c6b824954f5001e4769d,91,0.0,0.0
68ec19c0d8af934976480dde7488ad83,91,0.0,0.0
6d098c3af952e8ef82c0326b1891d993,91,0.0,0.0
6fd27cb2ebf1142ff29f519e20567876,91,0.0,0.0
709d54382dc3259373f8ae6b2fac2415,91,0.0,0.0
74279b827e47bbddb5ba57863c174995,91,0.0,0.0
7470e87e7621f0e68c728a0431788a58,91,0.0,0.0
78477100f8d331a7b048b96a6a856fde,91,0.0,0.0
78e0917f94fd9a5e81721b3d6a949891,91,0.0,0.0
7be7bd7d4880308db77561aded87ff8a,91,0.0,0.0
7c8a65613ea1b4cb168336390c8cef8d,91,0.0,0.0
8228dc00459f185b56d989c8ba1c9c52,91,0.0,0.0
822f647598c6283f3e782bfa33007d47,91,0.0,0.0
825a12d804be2135d12aacbfef42149f,91,0.0,0.0
84e99f5233c20f92e5be02afd2dbf994,91,0.0,0.0
878b301e00c3111bf0d4cdddb8e14c9a,91,0.0,0.0
8a2fcb8a8aea9b7a1e2dc54c3257abdf,91,0.0,0.0
8a485c0c66396eaa9dd004fb0bcc600e,91,0.0,0.0
94d5f7697a40886a8723f6015fe47841,91,0.0,0.0
99edc641e82b840d4fb6d57db0aff446,91,0.0,0.0
a5964a3b81fcc810585ec982edcb3689,91,0.0,0.0
a7db008438b8a1a26c201f7de3a6fd74,91,0.0,0.0
a85adc80be31a10c23b7aaf380e39173,91,0.0,0.0
a943514117ddea18c75bd09ca6955ede,91,0.0,0.0
ad6489ea30a7952d7f3ec6277553fc4f,91,0.0,0.0
aecea7471a8a5efd539c4bb549f21a69,91,0.0,0.0
b5615bfbdce936560dea4c82579bb35d,91,0.0,0.0
c06d3d1ffc5b470f5407c2201e6616e1,91,0.0,0.0
c4b09aae89ee1feabc77632691b65278,91,0.0,0.0
c697fa3bddbd8de0a0f09060df305934,91,0.0,0.0
c7fc922f759f46036bc9cfeda911515b,91,0.0,0.0
cf4685ea46aad0fa545bd4764679a162,91,0.0,0.0
d5a7b55889ae4bba1eb7c9ba798ddfb2,91,0.0,0.0
da020ae1ea6a8ce10cd43f5e36880c8d,91,0.0,0.0
da582077a9e547fc6e24b8d100e64209,91,0.0,0.0
db565e88c0f55509b8b272e807104ceb,91,0.0,0.0
dd64221e3c3d2f0078f4903cabc16bad,91,0.0,0.0
de13b737a0b0f174b2d14836de6dc2ff,91,0.0,0.0
e111c33885a216cc61ee4947afc355f7,91,0.0,0.0
e498f29ac08e3302ff8f110db38b170d,91,0.0,0.0
e761f3e1d225c421222cfe150072ad3c,91,0.0,0.0
e7faba643203b7d1ed349fe03ee07d36,91,0.0,0.0
e8a7df9c27dc5dbb1057f2f18aaa862e,91,0.0,0.0
ebed38ca7ec991605d2d4a3b569e9214,91,0.0,0.0
eccb23f51439621fd79b3754af59d443,91,0.0,0.0
efee4c92f7fb02a7dbd0ddba25878e2f,91,0.0,0.0
f24c7a1f58df6b9e7ee7f01012e601ac,91,0.0,0.0
f429fcd3fe77e166454f9b27813b07d1,91,0.0,0.0
f9893308ea5859d7ede4e034086c461c,91,0.0,0.0
fc857228f75499b2f24b3d547e12b9e9,91,0.0,0.0
fd1bfe51e18fc13936ae19ce3a387fff,91,0.0,0.0
002be0ffdc997bd5c50703158b7c2491,3,4.95,63.59
007f0389f9c7b03ef97098422f902e62,4,2.58,26.79
011e5c5dfc5c2c92501b8b24d47509bc,14,2.83,40.2
0152a2f305e71d26cc964f8d4411add9,0,4.78,65.27
01674381af7edd264113d4e6ed55ecda,2,9.38,134.53
0213f8b59219e32142711992ca4ec01f,50,9.6,117.65
021e5cd15ef0bb3ec20a12af99e142b3,1,3.12,40.37
0258e250ca195cc6258cbdc75aecd853,0,7.19,101.9
028b5a4dcd7f4924ebfabcf2e814c014,0,9.31,133.27
02d6a6b8a6da15fc219a9570f7ebbe78,3,2.95,74.57
02e440f6c209206375833cef02e0cbae,39,4.0,56.02
036f3d94e7c65e4e3574822d31c72656,2,3.29,47.64
039c5afbca8e03e4c18d9c8ea94140ac,14,1.58,19.61
039da9c077e17af98ca8530e4d7975f1,0,9.21,113.17
03f2b5c74cb89f39e58711699e76bf39,1,6.97,91.14
03f5278eb43475aa6790f5be32463755,2,8.22,107.82
0430df9a3eb327122c57ee3a64765000,74,5.38,62.89
04c4ffa5a385eab86fa7e422263d2999,50,4.23,68.14
04d686ef2fba281e395992a28f14fdd3,2,10.97,157.36
052bba06c5fc0bdea4bc2f9cb92b37c7,6,4.67,61.38
056175954c78be4c4de7e80167b7e1f9,91,0.0,0.0
059ed570673c2d15ca11dd6b3a25513b,6,2.91,45.88
05addf442c147875efa5cf53453ad47b,0,6.62,93.09
05bad02e08c7f849e91dc1259da8b4ec,14,3.29,50.74
0656192a402808805282e60761bda088,0,7.33,103.94
06b1ba06e5505f8218ec8686498f990a,33,6.29,79.72
06c848ab3a7fc5421e82e98850a81710,0,6.67,82.05
07dd442e3e0b9f0f9b0d69c7b47cbb06,5,7.33,87.66
07e6a2fdaadc640cca9a7bec41351065,7,3.14,36.13
081d8ba3bc9a00a481df02bd9d0a4c53,2,6.62,74.63
0822973f3e812a68a867962dbbd37f5d,22,2.4,26.61
08a1491d6a804e0af969f08252ddbbd8,0,8.92,126.8
08b2b063cce8d02495c4b880293f153c,0,9.32,136.07
0938ed763cb3129ae63607aaf69daff5,1,3.17,32.55
0abc4faab8bbdf4d62412655fe0a2398,21,7.67,96.27
0afc0241296972b583debd7c5f5c707c,2,9.3,121.13
0b10af0ede0648dbe6ae05813c5cbf1b,16,4.75,56.26
0b631e16fa61f7321da18cf35a076d5f,0,6.57,88.81
0c02bd2b09f7193103279ab9b760b777,2,5.89,71.72
0ca501b2a1d72e80e0d0cd2c25bdd124,4,7.79,93.63
0d53c0441daccbb9022ccdcd2a58c7f7,3,3.33,41.56
0d993c2eba3d9dd2e60ecc8814618931,91,0.0,0.0
0e7f0f05c7e193b1774c2e5713741cd4,0,5.44,80.17
0ed6cac7a3e2f1b324f50086f288bcfc,91,0.0,0.0
0ef7e21012a26a8f3678f02c211488ae,91,0.0,0.0
0efa2b92642c1e6db77406bb3761baf4,0,7.52,92.12
0eff1404b137a5562642f0f706e59f25,67,4.09,42.09
0f057c0c73054f569a59a0880b91cbb0,1,2.91,54.48
0f346940b7c9dc770d408b1063ed2f81,4,8.21,130.97
100979abe35f7761f333bb7e63649767,1,9.22,118.13
10570128e114c22b855f1155b88fb379,2,10.19,132.66
10ab4d373b29fb6ee31ae2b7b39fc574,22,3.2,52.41
10d2c35bb4b440aa1eaf06d477ff27a6,19,4.0,73.56
110484e77a78d2e441af9a01a7bf4ce6,91,0.0,0.0
1110d496149d3d8c50276765924df831,80,7.0,79.04
1127af601413f32c08e2a89447e5f3b9,1,5.13,74.87
113d6a61dd3bd21e5bc39bc19197f0f4,1,7.95,93.36
11506b81721ca68ef019764de3d8edbd,2,11.55,160.54
117ea72f13b43f0f4055b0472dcb6b1b,45,2.24,29.56
118be60e268514eb85f66ddb82bfa407,24,3.25,48.86
122972e7c73c944e744e6eca819d93e7,39,3.64,46.38
12933735316b452a5bc6a933d1a38124,0,9.68,117.23
133c19880625cbe91986ee3c402866cd,23,5.1,69.82
1340d44ca7946f4192cd80d8f47ce99b,0,7.59,91.24
136b51093f684e15e2798e4dc1e23d0c,91,0.0,0.0
14183e69946d782c92eb53b3c6eeb86f,9,2.67,34.67
148fb453d12992652b56d8bc2cfb1b78,25,3.63,40.24
156a150f1dbafbb01a786a5f45bdd7b6,56,4.4,47.79
15e0ade28a7d24026b2fe91ef528ddf5,0,6.47,84.21
162441a5f1b85a5c3780686296c3bc75,21,2.28,37.55
163b1ac215580e695280d8f94c687ef4,41,4.64,60.62
1674103b16c39ab56a76884b7c2ca83e,15,6.96,88.13
1682c469cb12aa06b06d93ab87c3836a,1,7.38,94.55
1696be121baad60c7ca8a1c8164b24ad,91,0.0,0.0
16cd1e08be52741e1516cade45ae7754,20,3.81,59.77
17235b165b78a09be9cd7f9abc1e833a,5,11.56,152.25
173a168d2b8830525f59be85a35f0000,72,6.33,64.84
175540c364f94b6adbc0ce3541a3254a,1,4.15,67.21
179ef343f855d34fa0262c720cdb9a52,40,5.25,66.92
17c09e7e39d8ab4bb4e035061d43ecdd,66,6.13,68.22
17dd3e3b2551857d6cc8ff106936676d,91,0.0,0.0
180284a755fb939181db32b838fd0720,3,7.76,95.57
1805f90c5220ac830835df3309a76e78,20,1.76,26.01
181396b71a4723deaa02c3dd3ffa9041,56,5.4,76.87
182a0089c24f844efcc4daa5a21eb895,26,4.5,62.85
182c1429cf5b585424fe676a632836df,91,0.0,0.0
183336ca67d3257c34cb80c9bd4dfb34,2,6.74,88.93
186d02f3ae489428440a352e3fe503a4,1,2.13,47.28
187a5227c531151abd112eef1d104301,5,7.2,89.89
19029e596b5c3e45cc6b3cca0640fa58,22,4.5,81.23
190abbe65af2b77794e0a6beb37cc613,91,0.0,0.0
1925803c42c264e21fdcf0a35fbd2107,1,8.24,104.27
1936275dcb0942dc60a378839fae4730,1,5.58,92.34
1936720ce0900cbff6d9114328c84bee,19,2.6,34.85
1989ad384dd8ab8f43fd19822c36aeac,0,4.82,65.86
19daceea26aeb211cb8bf28c8497b6c2,0,5.68,76.82
19e1cdfeaf90239d8585e6a78136a403,0,9.21,105.87
1a2af09b492ba2519c5b4aec478642a7,0,5.08,98.34
1aee4c95edf898beee1a8b49a1f898b0,17,5.76,96.51
1b3e75000525f6231606ba9fc755fecc,91,0.0,0.0
1b51afba3b72e0259db160170f824f95,8,5.41,68.25
1b9ddecea8eb99bc37f9b0711546f1c0,0,10.88,132.94
1bcc1e136b0515da625e163be33bbc48,91,0.0,0.0
1bcf1520b0837676f006825880b133a9,91,0.0,0.0
1c4312919166a0e7cefe6b3ddf1ec9c6,1,5.22,79.24
1c44fab20b7f0804c11d88dc0554edf4,18,4.56,58.45
1c6e8fbca23da68279d93b2de6eaa3d1,1,10.86,139.69
1c95fcac4de21d077072da1ea1705eb5,63,6.75,80.15
1cf6fa07dcec364af2acf257b2d3731e,91,0.0,0.0
1cf95d6dd025d792340b623bcff18260,33,6.14,69.55
1d4f979b3f0dda07f55d459c4b69a258,91,0.0,0.0
1d5bb1726114e5b950619517a6dd81c3,91,0.0,0.0
1d789a00290ec2e8a4ae1c704f671caf,2,8.25,104.76
1d7bc6daa163020694e2a5e636b96a0d,3,7.0,95.22
1d92784a09b1d1f85b05508e33261efb,3,4.94,79.59
1e581fdbb43900bf8d366cc0ed33ba47,91,0.0,0.0
1e836fdeba5bcacf45438c08bfcf4fa3,0,12.6,155.48
1e9570c1846c0f79c1ec103f608bc8ee,0,6.26,83.18
1eb30783865c10a8abc395e1b73bd578,55,2.55,31.7
1ed175c60fdf7380fefc804bf4dd75f3,1,3.18,29.06
1f83b77c681720ce48d33c21083c27e0,0,5.48,73.02
1f8e4a81c9da3260c84f14483319a338,23,4.89,56.67
208b04693b8a9ef849d894070537aa79,91,0.0,0.0
20f5672c1b6a59b9d5ec09a34ad90e9b,16,5.0,61.12
211e4df57e1657e4b97c9dabf2f99697,91,0.0,0.0
215263f9135bdd22b0e41659046b150d,0,6.81,93.48
21eb2a893ddf647ee9d307d873a697b7,1,13.12,165.02
220d2d2a94c58c0f7ee7cb1864d5f0c5,0,10.0,136.85
2231ec7a993e7ce92f79588ccc405e21,10,3.0,50.52
225fb2558cee416b136c9c9231824580,2,1.52,24.64
22ca9510a0c0d97ba66750530ee0e914,1,6.91,101.01
22d43c4cd79a3cbab663d9eadd1e5995,0,6.11,133.72
23017e4c03d224c89b5e3a0550e1bd9f,0,4.96,63.81
234bb57cea53cfb13d8faf4a2900341a,91,0.0,0.0
236af2c3c395a20fd53696a5634abd7b,0,4.82,63.56
23d3a2d0f6732d106fbc3d6079ac018d,91,0.0,0.0
23f2a72a48ef9f44301dbcfd69f8b3f0,3,7.22,102.74
2422c0748699c412f9759b2897484061,1,9.36,118.91
24708f36edaf58e1c50b06720b536b45,1,6.35,79.49
2486ffe6e7e21083d3e7fcf38907c0b4,91,0.0,0.0
2494554e7702a28816717bc0cbf7d57b,0,5.3,73.85
24b79c598cb070bf049057bd529d3c86,0,5.36,76.07
24f805c6313acfbc2250cbfd90268b24,0,2.65,42.95
25061f5683655c7cc6e503eb0383c96e,5,7.74,128.83
25827d13d5d988125ef4cc8a2ea3ddc1,5,14.88,178.09
258e3bc5c82e3f687b4e999bc598374e,3,2.11,30.59
2678d03ea513d10988818e77c5915b75,0,10.94,134.52
26dd952cf82f0d354e4007476748a1dc,0,9.74,134.59
26efe85697b050171e2ac92d11f75605,3,8.03,115.48
2715aa38740fc559be08fd54dccd1803,1,3.28,39.94
272fc17e9698d95dda029e15b5546534,0,5.87,84.47
274a1e97df854e1590ae812ca9ee5ac7,0,5.49,83.33
276f6a36e30c69076c4cab7970ade946,35,4.67,79.43
281274ed70a896744065199c58462f3d,51,4.36,80.12
28e4da66781b209cd9a299365a0dcab0,20,3.0,34.37
290c05b6d7e38c64bae2535b5d1d27f2,0,5.75,87.22
297e507cc9f1da096e51c2223657255b,0,14.7,216.44
299507a03373935d7a89a9fd6a6c0e46,1,3.6,53.08
29ca037d71b4a5934ae4528d050daeef,2,5.93,90.89
2a190f6b01dba26d00d3b644a268ba75,2,6.13,93.12
2a289b5c712e32bfb651b126cbe4e5bb,4,8.03,102.63
2a4afd4ab156dd0a6a0dc48bdf5d8db7,13,5.25,73.96
2aa41b072dc16081ebe60ad5b17f5a4c,0,8.2,112.45
2b1f99b4f3360623da8fdcd39828122e,8,5.88,99.22
2b4078909534095c15f578c588667bc9,46,6.63,84.56
2b77329ac116a3d1a5334c3fd54bd499,1,6.87,88.78
2ba51f9574a5c08327a718edada3e052,43,5.0,64.79
2ba60fe37b426385154d69d8eff687e1,23,3.15,37.23
2c00d6d77281fb9f97c1eb711f39b08d,91,0.0,0.0
2c130ea88372d326fb1a0719227627e3,8,5.38,81.67
2c985e2b039f99a0eaf86c50a7b1af42,91,0.0,0.0
2cc500616c927ce30d0bd1e87c699ef5,18,4.86,69.3
2ceb9ff7898dccb3e0a77ea559c6b2f2,91,0.0,0.0
2d42e6d775b4399a56b71c2f3d6905ab,2,5.89,66.55
2d4c69afb7ac569a35a1c15fcecc1cb0,0,7.57,107.53
2da7874cc42c3c94f157bd3fd78369b6,7,8.15,98.08
2db4e5237ec8a271bd6269b5ddc9b422,1,7.1,112.11
2e4d5b1e1a62e56b3a8f887641379fe4,0,7.67,105.76
2e5d7b104b570a5cf450f6825880c9dc,1,4.38,58.73
2e882efad8288189f654defcd3dbcd64,0,5.5,59.01
2ebb15757eae00c4c491f569ca1a72a4,13,6.8,74.04
2ed0f3c071cdebf30186d2bf0a0c6151,0,7.56,93.12
2f29fdfd281552870b7f07152889e0fb,1,7.17,89.5
2f3773bd9dab0fa3e04c6f58dc0714a4,4,2.0,23.43
2f50e03ac03a920d1447b894643797f6,44,4.0,50.63
2fc2b91e6f4452b5a6957a1a79316c07,91,0.0,0.0
309320204754c3eeb2577949e870fe2d,3,4.43,54.33
30ba26d095b10a14a5914e247b07e82d,91,0.0,0.0
30e91f4104a6b5b0450588d8febddd93,4,2.53,34.68
310d41d776c490d00a0845be9b1920c6,91,0.0,0.0
314d2be0d3461375f9e9ecf56b2b04ee,45,4.08,55.54
3155bb6b7fc081f2cccc4f50c9bea08e,0,3.86,51.03
31b451688ffc6f785c22bf74374507bc,56,10.25,140.27
329870cd7580c9efbc6b62073f89b90d,9,3.86,44.4
32b84f6d92b60badb7a8a6c47088151d,36,2.6,36.22
32d6b6b2ad34385519bd4492ce78eee4,45,2.9,31.24
336a98815390e16a5661d2570374d448,1,9.28,113.05
336c8ec2eb47bc1453b85ee78849038e,18,8.16,105.1
33b7762088cf5b82b8fe6fc291f93b6b,64,6.25,91.33
34699d5745d74c7076fd1ef051b795a9,31,9.33,157.45
3474d70dfe09a1d9545f436cd3f3136a,16,8.4,91.04
34784d7e4e1ee4869f10d9abeb4ad3fa,0,6.16,78.19
34c0cce7c3c34f9f6062b697637890b2,0,5.59,75.26
34e2c40d9d6f01ec4a0ffed4b032ec1e,2,3.07,50.92
3575446a7484516f5593add3ddd37451,13,6.98,120.94
35c3b0390b6f80657c53fb46b13f0a9e,3,3.82,56.2
35db61ddf8e29d55a2d355ed0f9166d8,1,2.93,39.39
35fa59db20f02b89264c5a97b94d7785,9,2.36,29.2
360986407495af6c54b95e399891890c,91,0.0,0.0
363f684a638dac345e67fbb78e492efc,3,6.27,98.0
364c929f1d6535aa17df83ebcb349e87,91,0.0,0.0
367091701b7a57ef3e93c9fe2f6d3b3c,23,2.59,29.61
36de1e085fbd8f354dd3192571cece32,0,6.62,98.98
36df5bf5a89917fde3573e7c960c2097,1,7.19,98.91
370412f2a2747c1fdf8e807374c04a3d,0,4.3,54.38
370e9f95700973dd95508e2f39b2bd29,45,5.7,69.39
3777e15bb2eb838394a372e119d96462,13,4.83,63.2
3788dc9e91f1548816ce8b5af07ddadc,0,14.24,223.72
378f8bfcef6759b1e6b0e66b04424f54,1,6.13,77.28
37ac4f9379c836b08c9a6e2315fd66af,30,2.75,41.62
383f5c018cf7ffbf2471c87a9d24414d,91,0.0,0.0
38510028b6d34d1b1339fa4e70783563,0,8.04,99.44
3857da988688981b67c878fc179eb0dc,0,5.14,78.59
387fb3e0e515f38826f70eb475a3bfb6,0,5.38,62.62
392e07cd00f38f357ae73795619fd0e3,0,13.0,163.95
392f50e58bee8a34399972bf0cb175d3,17,8.52,114.05
39610183ef179aff12f730a549e7d6f4,91,0.0,0.0
3995e14ef393d59d46cfb69a1c5bd8ee,91,0.0,0.0
39a7bc235caf53556b15dd28ab5a7157,0,10.07,142.34
39eedffe18d7ec6c53741f9d46c7ab51,9,8.49,106.54
3a1d9fb7a8cfd55ae38d1b4fb1520d1f,13,10.77,144.27
3a52faf7577b389cbe9912652cbad33c,0,11.66,150.5
3af5c66b6800650cebac636822ac14c7,0,7.76,96.09
3b2dca5cc3db92a05ea35056887108b6,78,4.33,51.27
3b6ae24dc593e6609bf90a1b80630439,45,6.56,113.54
3b7f314bfe75abaa6718399d534ccf47,0,7.93,104.94
3b87648d266e62600ff719b691fd8562,2,6.55,79.6
3babf7dbd39edd11603dcd53e50dc050,10,3.75,59.21
3bfb185b9491beb56fc10b6212c6c9c2,0,7.42,95.73
3c69563a9561f995598ed81f1f5c331a,0,7.94,118.01
3caf85a7d6b8f5615fbc21e8310af584,0,10.81,122.83
3cb09b3c900f71e1f7bd7686eeb221eb,91,0.0,0.0
3d2fa009a9f144706ad28ec9348f5960,0,4.52,61.65
3dad0a540eaab6fa876e4938d728efae,0,4.04,58.36
3dec7f876bb8b281df66b46469c79393,0,2.71,42.13
3e66ede2d283842c643b6b623d0ca168,6,3.0,36.24
3e8d06b82eb75b584564ce66217b3514,16,12.09,192.13
3f2ee0f16084bb99e8423807273c5816,3,6.88,88.16
3f62bb3b6a5ccddae37ff2fe3bfb3efd,0,8.89,113.63
3f79678c849eca6b438bb3d4bb59a5c6,2,4.83,57.71
3f82d353964869022a995e87b480a901,0,6.77,91.82
3fcdb7a637be76b45ad806d4f832c966,3,7.46,81.43
40061a1bbba0ff209c889094d24f6032,0,7.24,107.83
4008627b85a36afa46e22ecf513fc699,2,7.9,116.28
400daded5197f955191887cd567338ee,43,8.5,137.06
402ce9ac2db62fcb5fe29ba1d40566c7,2,5.67,72.02
4125bef57464803d018cacc1d3f08f74,2,7.09,84.07
415fbbda45a4a410e3122e3c992ace42,0,11.4,171.29
417055c67f5510da99ac623b02b87847,52,7.8,109.5
419eef26d8db5ccac04bf5d87af8059a,10,6.28,77.54
41c0c615fda333c60ebefa9a2be40e28,91,0.0,0.0
42256e33936dfa69088f540a720edc97,42,7.0,100.29
432754fe9722d008cd7328f34852de61,54,3.32,54.27
4343b3dc4ad77e98d38808b64003bee0,13,6.26,84.01
434adfc83c625f393595207cfff91ef2,0,5.49,65.03
43c0c8c440fc623a2ef193d5b2230947,91,0.0,0.0
440abd26a1c60ce02351bf1823d2d46d,0,8.88,129.15
44198b15df35d0827ebef271b6264727,7,8.06,102.34
443cf8f9119a8fc409780159c46d2de7,0,3.73,55.16
44509b1a5d4f1ad8350076d754ab1cb5,2,4.6,63.84
446b609957a142e8834dc88cebb7dee0,2,8.85,106.77
446ffe55730ace4059f02a4806018a08,3,2.95,49.47
44b7669c8f7ec8b8e592f150c7ee7fa2,0,4.86,59.91
44e9f61af64c2d25412a0f4532ada63c,59,4.7,49.01
455ec8a8532948fe2c5e308af37216a1,43,10.3,141.91
456467f01492ee1aeb7707de5c725f1c,0,7.2,134.42
459af73e5a9d360ff51cf284c571f01b,35,3.27,37.65
45ebd51300bd4bcc529a11a855827db4,6,11.18,143.19
46b9dc30efea1755f8ada69668793bf5,42,4.0,63.25
46da643aa47256fef0822a2f288e115b,0,6.09,81.55
46e1da1c7fe0602747beb9fe6bbaf037,15,3.0,32.37
46fcd24790c5eae35fa517051024bfe7,28,12.42,156.5
4705afcfaac4e4bd293f613e3b01598f,0,6.53,85.34
4713aa4cef966a678af02897a0e74043,0,6.19,83.81
4742b3f8432af0165e291edc6b8c5e53,18,3.27,50.37
479c3dccc06056867dd10c7d9fa0f569,1,9.45,120.65
47d53cd40685a32d936cbde7760eb434,0,6.0,85.28
48e49f85bb962b1f77ed152cc32dcd0a,0,9.53,124.3
490a37e876eb5d48f8e56e0d99461b04,6,2.38,36.22
4952bdd8850792b72466848cb4930f10,16,7.09,92.99
49803452ad1a68e87b448f5129276bc2,0,4.39,58.67
4a07b94db0ec6615f30ace6efd2a19cb,0,5.56,76.03
4aa585f63fbe04dcded4019662cc47f8,42,6.0,74.19
4af132c905d92d74454ca4934ee2450a,0,6.49,88.44
4af6c062ca397fd6b7bd2fb2a91e5964,8,2.94,42.44
4b52c260ac5817566e61009e4bd23329,3,3.4,54.31
4bbf15c7280e29c1df6edd7bf6dfa56a,91,0.0,0.0
4bcc817c8aba8c5569e370b238831e77,8,6.75,76.97
4c5f4c8887459671e65b68826fe750c3,0,6.27,83.46
4d10262d534bd366736dcabc8d37a3bb,14,8.15,118.5
4d1e99b879de5fa11e3f5423416f0497,51,8.97,108.71
4d40cd073132f01ccef7027f70890b6d,0,4.36,55.65
4dc7656f389d5cfcd38bf7870c1ce3e6,0,7.6,120.9
4dd633c46b8d78842b1e9dfb7f6a60e7,6,2.79,40.55
4e1fa948dc5295202fa8b7f8062b0d28,0,1.93,27.06
4e428667c6bb84323046e5647dfdfff0,42,3.75,52.59
4e83cce03deeca174a87faaa046a4750,0,10.16,120.9
4e9bcae1e2305fe1e6b215cb82833e97,0,9.2,122.93
4eb382d1f7d50fae1294964263d1ce82,0,11.23,145.7
4f06c1412e8f2c16c96abb053997112f,2,1.94,21.72
4f3187e47f035afbd77a00d4cd536d7f,2,6.4,79.43
4fc9091d4e900a41a207ee32a639d658,91,0.0,0.0
50eadd94fd0152fd0638a915061c4c94,0,5.72,84.77
50ec87212107552181f769bdc522b63d,1,6.1,100.24
512ee3c7f8f9bfa6b7d3d824f5af228d,1,6.84,86.79
514da6a81ecbe7cd98fc71045c66aae1,34,3.44,40.95
5185567c0a5ec03eddbb003364c82b97,0,7.69,124.35
51a82cefe6d4e058ed392ea004572896,1,9.48,125.75
51b528390e8e7780595f6009b1f4cf72,21,17.14,215.64
51f9f1d1ecab1f433129d22b49b0a5a7,91,0.0,0.0
52bc8ebc7db90d5b77453bf475677ebd,15,5.22,69.2
52e3ef2a0b9c09c619f2f8c588a03946,91,0.0,0.0
531a726b5b0c925a1aa24b5a9d5ac333,0,7.11,93.09
53b03eb76e7c0e268c027a6868b9394c,91,0.0,0.0
53e554eb940176c64fa8ee10a394f835,0,8.43,100.67
5420c76a41d255a40272c8f3c1f93c6a,15,2.63,41.46
5479187ed46c2c87abacde90f4d8ed6f,2,17.05,205.03
548a85a2fbb4986fd7a632566e8cb9c3,52,8.17,89.86
554a4f92c47ec3280d3ca64f5250b023,2,4.44,62.12
55bec90600d21bd3513366d218f2b2f2,0,13.83,200.15
55d70545197fd2c5cc68f14f3d5d6585,0,5.45,72.44
55d7b17732745057aff29fcd0ce13014,61,5.29,68.34
561593fc7dd18e6a78c6ad5e7eef0061,0,6.89,103.93
569271b82c506166a23ffcfbf6f854f2,0,8.37,128.12
56a4e20f9bb47ad281d6b15e591801a0,91,0.0,0.0
56bda1ed3f3299ff6e8465398a498a5b,5,2.68,47.49
5718c878f7879770af94d41951431983,23,4.88,67.47
579967d1572ee95c66ffa1ca4077b61a,58,9.0,124.84
57c15602f0b088ce6b9e4f88edce149c,36,4.08,55.93
57c355d13a3bcfd36b3245d03f3f9d69,0,5.5,83.59
581129294fc7d1f43a4d1a372515dfaa,0,8.0,103.28
583740d998ccdf639276e797a6caa9df,14,2.44,25.97
585b09e7ee2164f95b134866f3f412fb,0,5.48,86.95
58d8c3038cd500e773aff605e28ce8a7,23,3.13,49.62
5943b68c2fa8bcfd0add30691fd9136b,0,5.79,95.31
5a22303ccd79309f5324acc7b0e751bf,28,6.0,66.6
5a4306be3d5e1d5481e9237d2d211cb6,1,6.49,86.38
5a880bc9cddbb3845438de87f859c360,1,10.65,140.28
5ae3c8ba3ae2b9230664674dadf8535a,14,7.37,105.64
5b33db9198566d3fcc5aa0bdeb435d2a,0,9.69,121.39
5bc16e27bab01988b2772c014f73bcbf,91,0.0,0.0
5bd37993cfff08be940348a466912238,0,4.95,70.63
5c00ecb439cd4e2377e9bb3de84b0e74,24,4.17,53.82
5cb230875b1a38b725085246444ffd0c,0,5.34,75.89
5ccc0e6dc9c7475caf785cdce7b8eb7a,0,12.09,162.5
5ceff5a3983505de6d021403c6975079,0,4.77,66.46
5cf93f7d1d3a8f0cf395c84053c31b1b,25,4.0,59.42
5cfe569d448c9a5e120ce15611e7c779,1,6.08,86.22
5cff9e4588a1d8b4b0fd703c4720421b,3,5.21,62.48
5dd7009f3d7f049d3e38b155ecd3a24e,1,10.93,129.24
5e37e705afb774452ab30d20b9561a0f,5,2.26,32.51
5e5bfc73736d6aa15ac33ea01d47e5ee,30,6.2,78.65
5e6bd3186b283c4e430332e1a3dd1b2e,2,13.08,169.53
5ee4b2778c1c130de0c483c663eaafda,91,0.0,0.0
5efe1190183936849880ece11b1ece77,19,7.42,108.24
5f34c8fc5bdd33f14bb71999b8286aef,35,5.17,65.76
5f946639378f9e31eee8b927dd743949,0,4.09,51.24
5fa7a1c16064341eb489982b16858550,91,0.0,0.0
5fce375e4e5c673c29e652df1ac0b903,0,6.63,89.53
5fcff6005a0b8963eb1aae778ef20ffd,91,0.0,0.0
604097f005384ad20d982e7584f27c09,22,3.67,61.46
609970e669f2c55d69abc3cb117c47f6,1,8.89,111.79
60a524518de0ab4261b0e71ee7011d64,1,8.16,116.32
60a5c854c045655abcb37a022e902f76,91,0.0,0.0
60f73dcab4a99269b597381b4958391f,0,9.2,119.05
619fb670865cb3e2583cc22fde1337f1,20,12.18,145.82
6241b9c147df1d0c7027321d4e1d53cf,24,8.25,106.97
62a95561a6b12acbf809772553ba1462,2,6.59,80.95
62aa54591b22be467c5a36356f96915b,1,10.23,133.11
62c83d1a137771a5c82433c8b3f7fddb,0,8.35,104.94
630559dc85053c746beafacbd590e8f0,0,6.13,79.89
633310975f38cbaf67eb5043b4c6c77c,0,9.05,113.96
6455eac21c029b8d93ff09c2dffcea35,6,1.85,37.67
646eba049df90f6bca2f51ce20004ac4,0,6.46,88.37
647bd8b8b02c285db177096a351f8e2c,10,5.67,71.75
6496e639a66891475054d89c73c6999c,91,0.0,0.0
64e245c2e3f5c7658bc062e9840c04dc,7,9.72,132.25
654c3e2ff69e4d6c9569212cbaf7af07,0,11.02,153.66
6580de4a0be125c140c30436c7c2c988,2,8.88,117.61
65b885fb53d0d952ed5be174c9c2d76d,2,6.11,73.68
65bacc9ccdbaf8341a7232d5cfdbb0bf,2,8.33,99.66
66290b00f9756a4c6808035244a4b9f6,2,7.53,102.26
6641cc5d8221699e7db3376fea5587ba,0,7.97,101.67
66f7bc876e24e26c5d71cb9a2a0e1222,7,5.42,79.83
67129f4eb32604d9e420da5bf6bb2469,4,5.67,71.9
671a36a580dd94c6a80d0dbe7fcaeabc,2,8.42,103.59
67771fd10458c38391b55774826e4c34,6,10.46,142.68
67f1f6f75e9fbcb288ecd91acb325b27,91,0.0,0.0
68278139c792b482fd28d610011a94a0,91,0.0,0.0
685a660507aba9066865ebfd62c48451,9,4.71,69.37
687ab6ec9da9f17ebd4d8665d1988e0f,0,10.63,133.79
689bdf87fb2de49f98bf4946cfaa5068,0,10.05,122.63
68a84d00f61c9fd6900cd12e662d43fa,1,6.85,86.42
68b546b2f4102641d6774c1ce4f57457,87,11.0,127.73
68c4e63e9663a4bd8d4e435601a26a37,0,11.0,155.25
691b99ebc7251c00edc12eab9232c0c4,2,3.55,48.24
699c387896f72e990239cbee1d81ff95,2,6.35,85.25
6a0b94ec26ca0805f971c293a9603887,1,8.38,100.33
6a190e3b2a68b2822a03fbd698f02604,0,7.83,99.79
6a464f9c764040d89517cb5ed9257953,21,9.35,126.15
6a4c652f46bc14c1c04eff3c67cabac0,3,3.44,61.97
6b0ba48a13c721f5fb766339a42d25f2,27,7.12,77.81
6b65c06851e944351dd285a1eb729499,0,15.96,237.98
6b941e22c8f9b2f159cce49fef9febff,21,6.38,79.2
6bc4ee6df691c3bed34c69aa93964ee9,32,3.58,43.07
6c0555804ebade45096a199f932e949e,1,8.09,93.53
6c1c6b6992a23fe80dc5377cba9cc2e4,0,7.59,95.8
6c5370105323176e4e88993943aa5b24,1,7.62,114.42
6c56118b534a5b446d1fd0eab7dc9b19,52,4.21,61.63
6c9d732cd0560af6e8939ac97bdd78d2,0,9.06,110.84
6cb35e276085548f3f095a85aa63af7b,18,4.0,65.21
6ccc2af7009dfea4572de788827ac5a1,62,6.2,92.45
6cdff0516a17236168522e0a270f4671,40,4.14,58.74
6db38fccb3ac1de3981b701eb5a15d84,30,3.53,50.35
6df6c8f8d3c2a93314245a604c02bed1,24,1.45,23.48
6e70c2024934874d052225a4466fb9c1,2,3.02,37.04
6eb2e0f41fc9f1fbb70e7751035fdf87,88,17.5,210.91
6eb562641c6e0074c14ac265153ccda6,6,2.11,26.25
6f107d977e357e3d22036cc447b354b0,0,7.97,110.13
6f660e81330d77df19d4e3fb14b18730,53,7.33,92.25
6f739a076d7ba8ca414334af995fc44c,2,6.58,82.15
6f9156b8af78f1e7f4ce971b50cacf29,7,5.5,78.28
6ff443616dd01da842095c0939394baf,1,12.43,140.63
7023bf0fa91bea71ae7bfa2481fb5b90,0,10.95,142.72
7062cc9432dba19f5b474be707a73525,35,12.82,190.37
706466935b9e1d04e4e116be7ce90ea9,43,3.8,44.43
71a4cd7ad9005409dc1bef838b488e6b,1,13.33,163.19
72118f61d16a22814cfe01fcffd0659f,4,4.79,66.34
72741692a0ac3fbd22820b0b278c4040,1,6.09,75.28
7287a688775698a457a560e1133aee0a,2,9.06,99.82
72ca99bb6667024a23e1f68904b06fd0,0,6.63,99.65
733e0653a13dd43c9b668b1825a2fecc,0,8.44,103.79
734e463e87289ed53edf3802a2cda9fe,2,6.22,88.56
7419cd5c573ff9994c0f8ff5d92b4408,1,3.0,73.08
7473815d8eb56f765461525f1bf48c93,20,4.25,49.63
7476a4cdfe6cb9587f03db358dff548f,0,1.75,25.68
7481015e6b377191f3b1531bc74e6908,51,3.08,34.11
74d1c00ab5098202337a91c936b6e080,0,4.78,65.75
74de6f7e57690a1687935227360edf7f,1,9.43,132.35
750b2b9e0f4caa4539c2553a4d04fb6b,1,9.23,158.82
7553628edc729ab03cedd3ded8de8736,24,2.9,50.33
758f6d309376d24b53da45e91cf778cd,1,5.38,67.54
7596061dc6e3a61ec35e0307bf423838,0,6.69,93.65
75d8798826340198f4fd204ed31336ed,0,8.18,113.12
75ff47d4ba4bd4480629671a666500ba,0,6.78,86.02
762db27fc4dd1e53dd4fa982ae2162b4,2,7.9,97.28
764289a2931fb70d1d27d5603d49edd2,43,2.79,32.69
766fea0c4f0b265fe9ac9e1e4ec64ad7,2,7.44,95.42
7708f393e874acbdd44bbf47c9a328e9,1,8.38,101.11
773555b1cf65c9fa882fd9f6c50f44d4,3,7.89,94.44
775a910a05bbc12a236ec64d4109c37b,1,7.92,123.2
7767360462c03c38f487f16f57b02e02,33,3.29,42.33
779747a77c043096f6428413f26d25dc,2,5.88,92.86
77c589b9398709f398778a0ff368e00e,1,11.72,151.5
785d6109caeb2f53c0628c37b20d91cb,0,9.33,118.39
787fafc34f07b372b60981ccdc4018eb,22,5.21,71.68
793e2072826ee96904a5f03ae2357e96,0,4.97,63.8
794a74f41f18a115252fd26bbd16882b,91,0.0,0.0
7960373dbd5c93b4a066b352fea600ee,2,9.36,112.47
798b4cc659c984e8353c7a4f90936df1,1,8.52,123.79
7a1fd3df8aa8197bdb3be8c5d4ffa92d,15,4.75,55.89
7abb5ee55c03357b69af929f51443bb0,0,4.61,63.26
7abb74e551c262a945929b92e0551b04,17,6.85,86.88
7ad917215da937eefdf48e3c9d3fcf26,1,4.7,77.16
7aee4951b59fcd1edda02bbecaa2a717,31,3.64,44.92
7b625f643d0775f0ac4898e33235377b,68,1.0,8.56
7b8eaf284addb604039c7e22d23c903f,15,4.96,64.84
7bb464563d0d43f7f894439d163f4ad3,0,5.64,76.09
7c1478b12207107ae4296e656a49d6f6,52,3.5,44.7
7c27405cefee2fad79a81a819ca9dbe1,0,8.48,143.87
7c4bcea05c14431c65ef1d9cfa20ecb1,64,4.15,59.82
7c5fb96792b83b784883812522ce7ef1,91,0.0,0.0
7c64b8d49dd5fbe34f44a9b4bae0e7b4,40,9.56,123.06
7c8d33cc16246462e046ed084f7428a4,6,6.56,98.31
7d8627729a14175b1424153ba46d7acf,2,6.9,83.13
7da41cde0e0d0503549eeb7ca5609a9f,47,5.57,77.6
7dfa12ce1fc9cc58ec34fd66c75b106b,1,9.27,122.81
7e335469ce82f86c20d06b06ccfa1da1,2,3.66,48.6
7ee801015b6ba9dc0aa2687cb28b8361,10,4.36,67.19
7f4350f4a358ac264ccf3b10c4966afc,12,7.2,72.08
7f47fd2db9cfdc30fe46068ad017152b,37,4.27,63.43
7fbf2f75f4b2a8ec6312b4bbaa6f83a1,91,0.0,0.0
7fc97bb967d4380b38e8490aceb85224,13,8.79,110.86
7fcca181f46acfa027ea83c7dc70afa9,1,3.8,48.19
7ff85c5c0e9324e28d1e0d0589c364bd,4,1.5,18.03
8046a7b32ff00f418c1bb410a67adf68,9,12.64,162.35
804ea124edb0d6694aa4a3c9eb22a716,2,11.38,143.37
80597153cf2bec000612ba2e45a72d91,10,5.0,63.67
80cb80668a3c444e3e8962d1c861b9d0,12,1.87,29.12
80f8e8eb5eac6dd41259ccc73993aff6,3,4.14,63.95
810c559baf6b5c20dca13b794fb36240,1,6.0,81.0
818ce9e1cee09531cb20bdffe3f41256,91,0.0,0.0
81a65fba6ab7fd7ffa6b18913dac83db,91,0.0,0.0
81fe057f033eeba6b1472a8fce5c1fdb,0,8.63,100.59
8224c23bca05c2adb3fdf40752eb1b3c,20,6.46,93.57
838495eb3f025e512228480eae127522,73,9.4,96.59
83a0efd007f4db8f0b7db5753d80fd87,54,6.6,72.1
83ae2db3b59285394e07063a7d0d0512,55,5.0,77.85
844d41532242b64d8f19774b6b7f1c82,5,10.19,127.29
844e9be5a30d8d9c1f8e9ddb086ff717,0,12.83,165.84
849726bb431c44a984e5f0f60923a0ff,36,5.4,71.62
84e1a98ccf46774bc4f5c6374079dc07,77,5.25,56.7
8506914d35a1146dd602b68a93b5be5a,14,3.31,46.83
850de9129410d40c2875418eb40858b9,0,8.93,113.8
85bfeb44e07b0d4e86c637353080289d,21,11.47,170.08
86a1dbd33d3ee6d68caa25966a2868a3,0,9.8,142.98
86f580ee80bb5a54e07595410d624108,0,3.5,54.76
870a394eb5918690ed6e90f50bfa1315,91,0.0,0.0
876e3742e4165313e3be9ca7ff4e41b2,2,2.27,30.32
87b493b5ff1b807c2320801fcd16ac26,1,5.37,82.5
881527a718b502bacbd04b6f45fcc2fc,43,3.67,47.55
8902cda459f8ac02c38efb2815cf4026,51,5.09,66.43
895c14bfd7d1e2c26aee6938703f32f8,69,3.75,47.61
8969d175c4676642b245af55d2dba19b,38,4.14,51.95
89788880a732b675ba9cd9854adcf684,0,6.1,89.97
89b9947570bc59a6161fb5edea18b852,4,9.56,134.18
89dab1d9f815cea34ce3612a6b7c0d51,68,9.67,143.74
8a64fa582ad5ac3bce95a38756b1875c,11,12.43,185.12
8a7d9195606bdc9bd5305f6bb300e1de,1,3.16,50.98
8a86bdb56cb975c786e47cb256838ed6,0,8.12,108.64
8a965bfa0851de76169b3206709ca943,1,7.88,103.22
8b0662c4244f85c5dd7ab46810ca6b04,20,2.17,33.98
8b09ef45562214f00e7c11ed16d70dc8,0,6.3,78.6
8b688ef44a5b17bd7150350d059e67ea,17,2.14,33.16
8b87786b3a356550a4708f5ab3768792,1,3.2,49.01
8b9b73cd6d63023caa38dbd25c1042cd,1,7.58,90.41
8bda575d26a589024a4e62aeba352f93,0,5.42,63.41
8c0d55bf42d242ac86f43c4031d6371f,40,2.67,31.48
8c38fce0915fbb7d816e19c3ecda64fb,0,5.17,54.45
8c40d50720fcc5990329f7312d1ad327,16,3.07,52.81
8c9a890f19a0ab28b745246162e449d7,0,5.44,68.24
8cd308e28e213e46e87c9dd9c5aa1466,0,5.84,85.52
8d3740598109bb310e6244ecc1971a85,4,2.93,45.05
8d5a99f2032a336a57222948915edf09,11,5.0,60.49
8da0796b60fa75a5ced6d1c3bf1f3064,11,8.77,113.59
8dbfef11a650dd9658ca0c6f70b84f88,0,6.81,85.31
8dc9d28aa6ab0af5dcc98420a9bd65e0,0,4.53,59.39
8dfea9e24286290d2f59f5b51f00b6c2,59,3.6,52.04
8eb2f1fd0858319b86b9e44b64660eb6,11,1.72,29.05
8ef80bf59ceefb3fef9d41a5c66eff35,0,8.91,126.14
8f325f86996ff57a0006add6cb623e19,1,5.77,72.98
905f8007cd46415eba8b9dce088b4395,50,4.11,53.64
909c5d2434d184ad51f2be3ea294efdc,91,0.0,0.0
90a155db6f98de56ed6baaeccb5aafdd,55,4.75,63.87
91278ab4c7170ed070a5cd653cab3d26,21,3.64,42.5
914712bea449e20e1cd2e18c269481bf,0,14.62,184.1
915b7e1b8cdd0e1bf9826e8ae91706b4,19,5.25,95.56
922214b02f8dfbde50e8cdaa187dfd47,2,8.26,109.6
93337ec6e89c26ff280f490dc3eb9042,0,6.56,80.87
93587c4ead63454c615f4651e2841ba2,12,8.18,99.35
938ab6fae3230046f163bf2d5a3cd307,91,0.0,0.0
93be171268b14a0586c48cb488bbd5cb,91,0.0,0.0
93fb5779620ce28dea9cb83cbb25ff9b,2,2.69,51.23
943db956d9c6ccf01435211d99568f15,0,9.0,119.77
944e9726e57e8c379049dba4bdabb05b,0,4.9,69.31
94699541835b03d2a18e265299c11213,9,4.7,72.7
94731f1d1f9180223445e77690aefc03,1,5.46,64.27
9494350df132e6748afca3bc5d138dcc,10,2.69,51.34
94ab22994e3ee32eb32f515563197296,1,8.69,115.33
956942174fc793c4bfb6fffc4b3c1c7b,1,5.61,64.38
95c1a153c7ec6b5623b8ef298010d2e9,2,7.0,109.93
960ac219e96533486685296bf1464e41,91,0.0,0.0
962f9787bc5b8dd06dbc2147c39ae15b,7,9.13,113.51
96d7ab03f9156154f6f2144263a85579,16,10.0,128.93
96ea72229bb122e6d231ca6103b3c328,91,0.0,0.0
97332a03726c052b1283fdd36dbdeca4,51,8.5,89.72
9760cb1c8a14d3fcf527631acabee35c,7,7.22,94.8
97c0a0888afa9dcadc73386abcacd350,3,8.06,96.47
9835cfed2c02bee16b5f0eeac3b4926a,79,6.11,80.66
9857a5bc59036a73f9261ea694bc002a,0,5.33,81.45
987c2e7dfc9a93697b8dfd030487ff01,19,8.38,118.83
987f45c1c19d83fcf3295828771c10f7,9,3.17,40.02
98a7f586f974550506502f52e47700f5,35,9.0,141.69
98a878a6fe557bf91236e6fc0413faba,0,5.84,85.49
99e05511bd051039630e0ee9d311afbc,0,6.85,92.5
99e15cb3381c646df2619a95cf805743,3,5.61,88.46
9a2b695c70ad62abcb4323d7e9a4b6cb,58,3.13,39.23
9a54684a69721c1075c2af5fc077665b,0,5.63,62.94
9a575ba0ef2fa36899e6e22e5e1691c3,91,0.0,0.0
9ac5116c46dc8515c0aec6f7153c6440,25,6.62,91.47
9b665130b27de44f369a44b2cb752670,27,4.0,58.1
9b73a887dab36dc0a53f3308bc278a2e,0,7.52,91.7
9b7b9829183e266882d4815d95357a1a,34,4.6,57.71
9c0158ebe58592fdb3d18fb9c4623db7,15,5.3,71.66
9c5835247a252ab6275775341b502f4a,0,7.28,92.71
9c5a3250d9f6e6537b3b076b26ce16cb,0,5.0,63.25
9c67faa1ab5de24e6d9c60bf7705f658,0,4.75,59.89
9c8968198038d0ce08f8066275480e62,0,6.71,86.84
9cb8155c8eac12669e18a89a2971a8d1,1,5.67,83.98
9d59581a50c97cf28d30f80cc77dd76c,14,5.3,62.89
9da29e218f6be3ea257d35f98eee1088,22,7.02,94.21
9dc512e71a0f206687f60b8bfc405050,7,3.63,42.5
9ded5e80238ea1cb8e923d3f3b03ccd4,4,3.0,35.47
9e003a96a6aa5a9207530767c2a8b310,22,5.33,76.99
9e291e9ae23649f498e166278c16344a,3,4.83,77.79
9e5b47cd6f31b05e75e92a427230ebdc,0,6.9,94.69
9e9d4402b1038d103b3add7271d9b8ca,0,5.95,75.71
9ebbe10ae57214da77ecc43f6a84caf0,2,6.45,82.66
9f1b385dd82b5a43f98660a99747e3cc,0,11.97,169.7
9fa4b644d8b6ea510119808c37f22223,82,7.8,83.3
a0b52413e2eedcc5ca6f31d53ab1a96c,47,4.1,45.34
a12d788b7cd01f696bb5ebf28fa739cc,0,6.16,92.0
a1a2b1b116fad0bfb521da9cf92df2b5,1,8.39,108.65
a21d85d9c18b9589f82a618f0531ecac,19,1.74,20.05
a22aad223462e8196b76f259752ccee4,5,2.16,37.72
a2334fdb829cf96fbae920df0cce1587,77,8.33,96.83
a29c4a86187e6fbbda006264ec424099,91,0.0,0.0
a2bdf1915008a135e5ddaf8cf110adf9,1,11.53,167.61
a2f170312615f7d2d41b80da4d5d7a72,1,6.58,86.84
a324cc0a17ed8b72ef62b06a021224a2,0,5.07,61.55
a33de78c73e2b157118fc745e8c2214d,1,7.24,110.36
a3ad990f55a0a9862643b87f6d91f9ee,91,0.0,0.0
a3c39ee40d7bb0ab8e49efc44cb6735c,0,3.56,46.24
a3e28ae11607ad68dedbc2baff2210e2,48,2.9,37.66
a3e6503d6fd14f55f5a7a7e993c06c0b,6,6.88,95.3
a4401d3bb25a651812f6781fcce5df77,8,10.59,141.27
a4463e077e248abcd96b8ee584e7fec5,0,5.21,66.31
a533ee906b3e68bcd03e3e2888a844a8,4,5.33,90.02
a53de9ae055503d13bbcd6e19c5c311e,0,8.18,102.1
a5637a20ede3d6cb3be2d52d17d9174b,2,6.1,78.52
a60115fe0ec8c0e2d4fb8958a28567f6,10,4.71,54.58
a632e60ee41d9aab624a6b7fd6269976,1,11.97,170.63
a6505f04908e487e37c61c2a2a582eaf,0,4.4,56.61
a69bbe711400a8eaf17206a9d2b4f26a,1,7.57,99.68
a6fe0a06612bc9d9fd3f7dc1fd9615f0,0,5.22,67.62
a741036dcc0164fabc9155e11816f7c3,2,5.17,66.61
a746873c2f5431e9ac8e12c47a104115,0,5.45,73.68
a7638b7beea5715330ac956372522b07,59,3.0,32.61
a76932dd44cd18504239ca648e9bcde8,91,0.0,0.0
a7ae2d9768b3eddb584395f2d984b3a2,2,10.78,138.4
a7fa04a6b4111cac92989ac266ec40d2,16,3.0,38.97
a84478867f4a6fb6450da1cb47458308,1,7.67,99.5
a854b4bcf206030120913620bc664396,22,9.08,109.88
a8bf411134a27779046e2f7ed3b2e1cf,5,2.69,43.0
a909251d04212c2b8d369aa619c13ddf,41,2.38,32.05
a95c73a18090636ec3a8033e8a6034c5,0,9.3,114.59
a9af04859e568ded6758279d805c56e8,0,9.08,121.92
a9dc82f0789aee809c81669dc768ced0,0,9.33,142.04
aab4ab866a771d21006a07cfff585eff,0,7.51,101.39
ab76a5e04d9126c2070bf84ac419f80e,0,5.25,69.47
abc63585621a8cc49099bc9dde677f27,0,14.12,187.2
ac3c378542ada7cfedc24720ef9e3273,29,3.62,45.57
ac51126328b559dd3872766d2455bba0,34,5.9,80.22
ac986e2a577103efe48b23cd17a4b6ed,37,6.0,77.43
acd5d321f5a7e35ccc3bf80a2c744c36,2,9.44,141.02
acd7dc6118befb6724aa3752d1cdbea1,42,5.38,99.42
ace64b24a38208dc0712bc65314027ac,0,7.14,89.99
acedcaee665d04c791bff1bf848af3a0,0,4.9,73.84
ad6a8aef632e7684c3b1e1e9dc0f7d23,41,9.2,165.85
add2977c3e55ba8475f60054a75a8b14,40,5.63,98.85
ae08f3a379c6069211342d448f74b606,4,7.29,86.69
aeda204ee39ccc79f22fe31ed73882ad,44,3.9,44.01
aee6c0de9d4b4e14d92bce9e4a352748,91,0.0,0.0
af39ba3a5cfaddc35f3c1f92bd860ca9,0,6.45,82.75
af452fac966efa9d089953c99045bb20,0,14.09,179.84
af4bae4a0b7a75194dbd4951c78bb98a,34,3.25,52.48
af74473d8f38c0c3e8cba5b72f747281,7,2.73,37.92
af8cad352c24bda90b2a5d07e1049181,0,10.67,149.29
afb63eff111f81c66cc01a5c9f64f2a2,0,11.17,154.34
afc352444f34fc17d988c3fdf916756b,15,4.2,54.14
afc7a3f83a5e5cc87136bceacceed8af,0,9.89,154.76
b0b60bc559f123caa41ae1e002243c3c,0,8.74,111.75
b13f722977cced9ee6d2ad25e8761583,0,11.1,140.22
b14d2355eb3b7daf6b07c44a31fb23d4,22,5.0,56.97
b1adb42b262bed41aeab28e9f6e93633,25,13.43,179.02
b2b3c6614a4a317bdfb7a57ae8a1687d,1,4.17,53.24
b2d3f2fb171a12cac427107690c10089,26,3.07,54.3
b45ebe1ccfcb6c672d19e6ba4a546bf3,91,0.0,0.0
b508b23b0c53f5e3ee71562e531a3a25,1,9.0,130.62
b5275d250226cf29df0164d0f62d5ba7,1,9.66,120.65
b572ff3bea0c3095a3a5d24db765dd42,26,4.67,53.95
b5b10e1d4132c7c1155f88aa00b9a5c5,0,10.6,143.16
b5b1d33f7a438b13f85fcc46cc248578,5,3.14,44.51
b5d89a7f152103c9fc981e3990e9fc86,3,7.72,94.7
b66734bd849ac838a9c0830878837979,1,8.55,117.22
b66b0833b679faefba66e3f1b9eb579b,0,2.75,32.48
b6b8068eea005094bf1eeab9c35c9c11,0,8.33,116.18
b6c8c21a45ce574430158f6230d9e254,0,9.95,126.75
b6ec72d2f14dcc90a4e7fd25bd12e9a7,0,10.86,153.99
b75fb275f65a39b9ae038a7593d91fcb,4,7.83,96.76
b794fc307d1309b3405361f9ea4e8b1b,91,0.0,0.0
b7b0b507d966d1e1735ecaaf0c3ed5b6,0,8.56,126.16
b7bd34f3d587ea950dabfd4ac7781f2f,1,8.31,112.52
b7de2b55859abf8fb49bf393a5a2816a,0,7.25,116.35
b7fbf53260861a5a9022b709abe4d584,7,8.6,108.12
b8df3a1ffca045016321353536ac86cf,80,12.33,138.46
b93ff367c79f79437eb5b70dc00a33bb,2,5.71,79.94
b972617c1e490250b2dbcd3353fd436b,9,2.8,33.92
b97fd5240666a3c3ded13df9f73ca71d,0,3.36,56.57
b9912d7f760895a9a5f9e046a70e7d8e,52,2.36,38.02
b9926f42a5fd6cc0c455fe59a21961ab,31,7.12,119.26
ba3a4161ca111c8a2d39a1f1bffd3557,0,6.02,86.4
ba5185bc3765e91878ea56a67f156acb,24,6.38,94.57
ba78525b3444a3714174f4734720996a,0,6.42,98.15
bb2984ebd891be82156fff038a85aafa,31,4.25,54.23
bb2993a27d213c0eefab695ef0214fa9,7,3.47,51.63
bc8249da3b109151438a85d49300dd0f,0,6.18,81.14
bd057e02f75c92917389d90bb215fe91,88,13.5,129.32
bd2433d45fc8dcd1c1d01d9c20ca357b,1,5.05,73.22
bd26a8a5910f6c87aed2fcce32782fae,70,6.4,70.49
bd2cf0eb59f96babbb13b724d8d77b12,14,8.18,112.75
bd34a715eef595600ffb4f683ca04e64,1,7.02,86.04
bd5cea890904311cd874773b13255406,7,3.33,46.21
bd9366761825d97d4c79c2c61638318b,3,6.37,75.79
bdca40c895def7985563060c5dcbd0ca,19,3.42,59.48
bde37c58877c64b6ce4b309dc2154bad,42,4.0,50.28
be22fe5992cb9557d7748113ea1f6057,35,6.8,112.62
be34f66b259b110d8908297419741202,39,2.89,37.36
bf0a8a6ddc179a9466082343c5862904,50,13.2,155.85
bf2693c5774a77e478e418119be97c5c,28,4.5,61.47
bf87c4b14479e823c1ce554606f6fdd6,2,6.55,82.92
c0640121b56458ccc0d2892067bc463b,0,8.51,121.71
c07499b5a6f1090f2fb263ec6ac0660c,0,9.42,151.71
c12c2eb875879488e687111335a12805,0,7.06,143.41
c1909690dc34d322b9483c10cb1a533a,0,5.31,73.35
c1d662bc81ade6c9a1ec161b3076b27e,0,9.9,122.54
c1e9b11fb4591a922e98ed4c46063b6a,0,10.25,138.83
c284230ecd0f82b79b99e8326bc62c6b,3,4.9,61.92
c2e123c15f4adcc7edf268069640bf82,91,0.0,0.0
c468a648519cd42da75e6aa9dadf733e,0,9.08,113.07
c56b62b863a81370827e04d2c0a669a8,20,2.84,44.52
c5f1c362617932134aaf950f537061d4,1,6.11,93.1
c64e642876910be4a1f0b57404dc9710,91,0.0,0.0
c6ea9e05de9e221aed059ccc8ad5f6bb,0,5.44,71.34
c7de222dc1b99eddaa9a665687b94dc3,10,4.42,59.12
c7fa83cac784c0f6225cfe30bb96572b,34,6.83,91.69
c826130d392023b4c535431e2616e88b,2,4.78,56.15
c8932c12e8ac6691d5c7c27ba8ecb967,3,8.15,107.29
c8b0c99b2c6537769427fe4eec396e55,6,4.56,58.61
c8f03786f7e1b205a9d38722fc3651e6,0,8.13,98.17
c95b96b3d38fbf45da2bc43db49861c5,0,9.45,132.49
c95f5d4bedbea37cf208fc3e70e7e75e,3,4.63,59.8
c97e3d0c075030df5478bf3e679f97bd,0,6.71,104.13
c97fa24cacdc7b092c81d9556d4a3aab,14,5.98,83.61
c9b9fc54bf7c8edcbe35b1091f38cf0f,22,4.83,95.57
cacd66f64a54dca26e17f19a6344c369,7,2.59,46.12
cad3107b4ec2400c662cd8eab4e20026,0,7.3,96.94
cada138c65391fd98c1835e5c518397d,91,0.0,0.0
cae89a5674ccf4bb1a78708926697f8b,0,7.64,94.97
cb5ecf234f7492c867bfa875a2c677b5,12,2.79,31.97
cbba49117a03fd2f578022eab904dced,0,6.24,86.25
cc2186bc2bd14948eb9b490d14fcd686,43,7.71,95.78
cc5b9b32417adab54115cc8eabc5695d,2,2.13,26.83
ccf0631bc6ad481b3d7becb69564f61b,36,5.83,102.01
cd970d2e7d3034e5946e71db0b4869c5,0,8.12,105.92
cdab4b0c1ece5d2bc1d671ef6bf21382,15,4.0,45.36
cdca9a75635698b016fdb75f95f561c0,0,7.02,88.64
cdfff0fd9f4511931eff58f549fffc12,1,9.21,119.1
ce577ac73e9022772835abf8d37e91d5,66,5.3,57.16
ce5b4b1624afd0dd514e8997a2a1ff1d,65,2.82,45.79
cea2a4389f823240e8dfbc3ea95e42f0,11,2.82,39.21
cf27028c2fe4a9fe00795d0d4dd23a18,0,9.99,119.19
cf6f95dab8e87ebc3405e8b6fc02137e,0,7.34,110.15
cfa62004631bfdbb0d9f842d69cc502d,0,5.73,71.79
cfa9233eafdbccac8d2a864b0df390d4,54,2.08,29.37
d093196b2758f39a4548faed9e365d89,2,8.85,147.55
d0f374c7d36c93ba0772626d4c4e6f7a,0,7.35,96.64
d10939533de03edcee8fb76f154ec7dd,91,0.0,0.0
d1576672b9ddf17e405ad295e66048ba,69,3.22,38.48
d1b2185245eeac47821e98471c915947,27,2.65,36.59
d24b6bd5ea3a12b2b58fb61a02cf2033,91,0.0,0.0
d27b078b9f801a979bda2687ef91159a,0,6.82,84.45
d28f88b9d68ac9a2c0586728bdc91bcf,0,4.5,59.8
d2fe91351bb890ca8ea9b76201b05964,25,5.38,84.38
d3121b735af2bb94568c8070aaf05110,1,6.29,74.38
d31eded9263eab43f614eecc6a52a0f5,2,1.58,17.54
d34ffb8bf5e81e6f07230ca894e05056,91,0.0,0.0
d3c733b0600efac9cb697d6cd63632d0,91,0.0,0.0
d42d0642a28cb2d7415bc7176fdfcb9c,3,7.15,99.13
d4468a149e2744ff72d5d15ada286abb,91,0.0,0.0
d46c4b19c19ee6403fd41ec273433e1b,91,0.0,0.0
d4867a7af060ee2a814c6be63b48473a,0,7.47,94.37
d499ea144d46d394e7ece7dc53e9fd41,0,6.8,91.92
d4aa396834f13300174eabfaf0b40b50,8,6.0,74.79
d4eaaf54bb4d9446ec26ce36f33ef94f,59,4.65,69.05
d500e63eb4adbab2fb34140565ae4d20,0,6.16,92.0
d54674169d8b98851d54d79405c5d261,3,5.71,81.43
d58da3a308969a240b92f7321d1a435a,91,0.0,0.0
d60d9f944d86cc7539bb6b7a11646149,1,4.87,60.88
d6277e6596f855c87627312e947e4f9c,1,7.23,118.35
d6758947058995dbeeabc5e812c00cea,1,5.47,94.28
d74e4db8b87331ddc69fabacbb2d6219,91,0.0,0.0
d787d7b7e3798edd7498b9cbd9b59206,35,6.57,76.57
d7ae05b007ca320a0d1fb128ccced638,26,6.49,88.38
d7e035984d4fba2d14bc37f1992a061f,63,6.5,91.09
d7ecbe31d65faefa7c5314baafd6c4ce,1,6.51,79.6
d876df0212e45f5a630b89f5a04532fa,47,2.45,24.81
d952de85df73349f0280fbb2345148ae,35,4.36,59.25
d967f5296732fa55266b5f1314e7447b,0,7.28,101.95
d9b4803fb9c57a061205f7376aed60a5,1,2.45,47.95
d9ef4b835e202c9b24315b999894362a,0,2.0,51.8
da2cb240a26a6b4352736b28c818e16c,91,0.0,0.0
da3325f424c71942ca8a3401615a0e6c,28,4.4,47.47
da436a25d31e42fa12c800bacf3d8032,55,8.33,95.63
da8f13b0ebc53fe1147d982f087b5806,32,4.3,64.1
da984ad859c4b4349544b580d532ec5a,91,0.0,0.0
daddf0bdb8874309dd07bd9d91396166,11,2.7,32.37
dae249fc394c9bdf02f7d8bb1ff55733,5,2.73,48.46
db63522a6a88af9b817df48e3f6bad15,0,9.83,138.02
db7c0ac33a29d594d031b1165ae3203e,91,0.0,0.0
db9cf75a3edf5b1d38fdf560682cec48,0,6.21,81.4
dc39121d4440ef9d34bb2cfac0f1bf2f,2,7.22,91.41
dc5fe88ac0b99e77e8630795cfc16981,13,10.05,142.22
dc9a5809e396367a5a0767ac9226a64f,51,3.78,50.74
dca7c0d776c64df418bf3b63756927c2,55,11.6,142.71
dccfed81fccb496e10c26074253a1330,9,6.84,97.13
dddf432269175b67f5d9c55c3b36bdef,0,6.8,95.93
ddee9dcc776c7b87e68628ffa0f99dc7,27,1.47,21.41
ddf9fad53fff9a2f2ded181e1144b47f,72,7.4,79.77
de0746635475c2be3d26489184659460,23,8.53,125.95
de5fed97bda5c8aeca0d5c6a47f2deec,4,4.55,65.38
de9e048c789a0ddc487baae5929f51f9,1,4.69,56.1
ded0963ff2f6582b382b72de6f123a08,19,6.56,79.82
df11122e91571fcd91143da33fd3542a,43,3.3,48.64
df9ab418e87b21319bdfe389a4552e08,0,14.61,194.72
dfe29c1db80f470f4fa8046bc7e5d8a0,22,4.82,61.6
e02f0f208e1f02b7672ff2ed8bd1bcd3,3,5.23,69.77
e0449ff246754057062a6331c7a7b661,0,3.14,42.52
e0493acb44c53e68e3c3aca626cd466b,25,7.33,100.03
e065a88039052c0f4e552886fab4d99f,0,7.0,92.47
e08a1154c61bfa0adb7a029eed7df122,61,3.38,61.85
e0a98706329350c48ea450d1705bdd86,0,7.64,96.86
e0e3594e7d43742458a79799c7a5dd6c,4,8.61,115.17
e0e76adfaac64932530b49127890139c,0,8.04,101.59
e11f7f6ff4ab937734f12cb191e6e802,91,0.0,0.0
e121472f6b4dd372dfceb87c7e30cbac,24,6.33,87.64
e127911975277f6b07fb2521647e1031,91,0.0,0.0
e1970a13e4fbb03fee21f66f7a97f5eb,1,6.76,82.46
e1b7e1ea030de78f88501a832cb007b2,0,5.42,68.75
e1d2df8059744cac678fbdc113e9e697,73,6.63,86.82
e225e4363d4ef824640866378d49a878,0,6.94,120.04
e246b5012a29db02ad24ce4b7e332b9b,36,4.29,42.97
e253f0cb570353173a73119dcc0e54d2,0,8.83,139.24
e26a411f427d8387e1244ece6053c940,3,3.73,60.34
e2a1e26496e225c524183089daf75c3a,91,0.0,0.0
e2dc374288c7edd10ce6647a8e6ae548,0,1.94,29.17
e31ae4a7e10b56e18f3f988fe48acbcb,3,7.4,101.25
e3306c36e5fe929405591869e0ee98d5,0,2.56,41.94
e33e7bd3f983ccbc3014e3689b1062f7,36,7.33,84.35
e35d490b495edf857a448653e036bd44,73,4.25,52.46
e38156350137c3a0df6b4b43c002ce0b,2,5.5,109.39
e4038e6006053cadf0bb2f8795e6c9eb,0,8.24,97.58
e45936982498bfe7a8fcfef62bf1edc8,91,0.0,0.0
e4f3a9d5cf57b9b518136afd9757f76d,87,8.0,71.32
e58dab18de6e4134d8b232e57ce1d86e,0,6.71,90.13
e610084768b3d8313be3a7dd22e5e5e7,62,3.46,41.7
e61357801b8cc7a4b40cf736e6890972,0,13.07,156.63
e64f09e2fba9abd0daf0668bbcd7ae97,3,3.7,54.59
e67fc482899bea76fa32d6274607140d,0,3.25,51.47
e680a2b4ece6a7010a4451601d73aa62,91,0.0,0.0
e72a4e847306ddfd0540d630c79b33e4,37,3.75,50.59
e7577eb70009e856eef044a8545703e9,91,0.0,0.0
e76529a86a5efc221a88a6c91a75ea59,0,7.26,91.66
e8b60c6f666907603bb5d70aa8cc6c80,1,11.09,139.52
e8d73d55baeb522ef8843cb54cd08df0,0,6.89,95.49
e8efeab7179493aca6effda3bf21833e,4,6.27,78.99
e91240606aaab23860bfba718c858d30,0,7.0,84.86
e9555a277c135c402a14d12b819de1aa,1,4.12,50.12
e9651415a968663e49b62c29e5d89137,0,4.68,55.32
ea1f8d9a6f34043a8e8a3f78dbda7f9a,12,10.04,119.01
ea71f79a86672486e018deeb47a545ec,91,0.0,0.0
eb48fcd046d9d869a6c6eccd90392480,1,5.97,80.91
ec1637dbd16bb38ec0b5a93c14373364,2,4.46,71.62
ec27575c98217627a852f24fe4233e5d,7,7.13,81.74
ec78920915122cbe500fcb475a8fb5d3,0,8.44,107.38
ec91bf40df64a813b83c67f46118de37,0,5.87,95.12
ed0c7d2a0d5f60d527c0c3643495ddca,29,2.9,45.8
ed1aeb39f5da7d42d10a92653319b951,9,4.78,58.3
edc891e47623366a2aaa2b1a32ae1fa1,1,4.18,61.66
edca8abe7dd3a699bde27f9241e73dda,24,2.25,29.07
ee8b2edb7ef82ae69ccc57bba1889a40,1,8.91,115.47
eeb00fe9de3e348006f6f7128e6cf4e3,2,5.0,68.49
eece82fe623b4bb335a9b9e20eb0ca54,0,10.19,131.11
eedb2d3b82cd4276804c339cae45fef4,0,5.35,72.88
eef12344364d2a2e1e2d581287cf9cd8,0,10.43,147.55
eef2e2ad223c5c824565b3d98086e7fc,3,7.6,97.12
ef3970fc96947901f21cb6dff853b8a8,0,10.55,140.78
ef3e90cd957439dcf1a2afcfc4b0cad7,0,8.33,107.5
f0124196d19be156b58f64700fdac7e0,0,9.51,129.06
f06398053a230bf914041eb897dc8d62,66,5.44,71.48
f0df79d10df44f18742682108b17f60a,2,1.37,20.72
f11a3563481c7bad15284e092daeb35f,91,0.0,0.0
f129b4923a3e5d5f676a592a8e4b7efd,20,5.0,62.13
f14169430d2a1ccb92266e8fb27b5bb7,0,10.63,142.84
f17cfca756365f6863a241ea96ab9f75,0,4.86,70.14
f193cf4d5de76b20688d759ea7c66312,0,10.83,137.73
f1a2419d56c2a09edf4030caeebeb5b6,30,4.0,51.5
f1b4411717c78f67380366c2a16a4d1e,60,6.83,85.68
f2a9db857bbd5fe385ed59d8f2e89621,3,8.21,108.26
f361a3fa16afe27881749786b103ae25,91,0.0,0.0
f395649fb47860aebc4817c7a6ea90e6,27,3.62,46.6
f467b8de5a37d9a818c0cbb557089c55,11,1.81,41.46
f4b761ebd4f310f03e5e7f79b925ef4f,0,9.11,129.59
f54b6feed73d306d44d8fba250bafea8,6,6.73,82.77
f5efba2f8019f9eff955fa20312d0639,0,3.31,44.32
f696de645de36b56677457d2d3136524,10,3.63,52.96
f758703e18f588f2370783f8b779e664,58,4.43,55.85
f7858e1e354a9fa26b3055bc12a4ee5b,2,10.19,143.51
f86eb77e1cefe28e9f0e9d3775fae261,3,7.14,95.49
f91254f1c1b3112ef3464e477d23c9e8,21,1.61,24.16
f98673773627b4b8d152e2b168b85bb2,7,3.18,52.5
f9aa6d69d74e786544027a1ab3049f44,2,9.3,120.73
fac81ea6cbd540c89c7eee17e851a233,22,5.56,60.25
faebff3d5429ff2036c125a91df765c8,62,2.82,34.75
fb83fc6555a4f700fd92630d9fcb9cea,30,2.94,50.88
fb903879c556260ae2604ae0c45cb92a,7,7.79,125.71
fba8372d56b91b1bff7b71d970b5af58,27,3.19,47.98
fbe0433e5b1a3db9dc9d6ed21efc6148,7,7.17,125.72
fc3504d2efaaaa976a33b3c856927155,0,6.61,102.07
fc83b793850ea70d9e898afd0b3ef592,0,6.28,90.37
fd2130d0d215069168dc2f79c1f5ae44,0,7.36,98.16
fd39748ba122e84e9ac492e6fb7c7a05,0,7.51,94.1
fd831ca1d79ae5c6fc3a679a22e5b8cf,34,3.8,39.77
fda96e6cd3395dfae3e59cd4ac95f7d7,0,6.03,92.55
fdbee494c73577d5b1266d1fec5c6c9a,15,3.92,53.97
fde60697758e68d617f471e49f65db75,57,8.0,110.3
fdff1a7205bc3b9ab1dc5dc223782fc5,1,8.88,111.89
fe35f74209d1056dd315ddb17681203d,1,8.61,102.89
fe469488a23d4bdda47b83a659dcc103,0,7.61,93.84
fed19d671569afe8a2f9fa0953dd25ca,63,4.71,66.23
ff1bb46e6b61766f4c7b9abd0a4ef9ac,91,0.0,0.0
ff419a3476e21e269e340b5f1f05414e,0,6.72,98.29
ff45a18cae7bed6538847cb36e2a3975,91,0.0,0.0
ff714a67ba8c6a108261cd81e3b77f3a,9,7.95,103.07
fff482c704d36a1afe8b8978d5486283,45,2.19,23.79
fffecccc49436c5389075b13209f0dfa,0,8.64,128.77
ffff51a71f2f185ec5e97d59dbcd7a78,0,8.68,120.56